Rk,Player,Pos,Tm,G,MP,PER,TS,3PAr,FTr,ORBx,DRBx,TRBx,ASTx,STLx,BLKx,TOVx,USGx,OWS,DWS,WS,WS/48,OBPM,DBPM,BPM,VORP
1,Steven Adams,C,OKC,58,1564,20.8,0.605,0.007,0.413,14.4,23.8,19.3,13.5,1.6,3.5,14.1,17.2,3.7,2.5,6.2,0.19,2.1,1.1,3.2,2
2,Bam Adebayo,PF,MIA,65,2235,20.6,0.606,0.018,0.476,8.7,25,17.2,23.6,1.7,3.8,17.5,20.8,4.6,3.6,8.1,0.175,1.6,2.1,3.6,3.2
3,LaMarcus Aldridge,C,SAS,53,1754,19.8,0.571,0.198,0.241,6.3,17.8,12,11.4,1,4.4,7.8,23.6,3.1,1.4,4.4,0.122,1.8,-0.5,1.3,1.5
4,Nickeil Alexander-Walker,SG,NOP,41,501,7.6,0.441,0.515,0.123,1.7,15.2,8.4,20.3,1,1.2,14.3,22.8,-0.7,0.4,-0.4,-0.034,-3.5,-1.4,-4.9,-0.4
5,Grayson Allen,SG,MEM,30,498,11.4,0.577,0.517,0.199,1.1,12.6,7,11.8,0.6,0.2,10.7,17.9,0.5,0.3,0.7,0.07,-1,-1.5,-2.6,-0.1
6,Jarrett Allen,C,BRK,64,1647,20.3,0.658,0.012,0.574,12.5,25,18.9,7.8,1.1,4.3,12.2,15,4.3,2.8,7.1,0.207,1,1.1,2.1,1.7
10,Kyle Anderson,PF,MEM,59,1140,13,0.542,0.221,0.236,5.1,18.3,11.8,15.1,1.9,2.4,15.1,13.3,0.9,1.4,2.2,0.095,-1.3,1.9,0.6,0.7
12,Giannis Antetokounmpo,PF,MIL,57,1763,31.6,0.608,0.238,0.5,7.8,34.5,22,33.9,1.5,2.9,13.1,37.4,5.6,4.8,10.4,0.282,7.4,4.1,11.5,6
15,Carmelo Anthony,PF,POR,50,1623,12.2,0.517,0.286,0.197,4,15.8,10,7,1.2,1.2,10.5,21.6,0.1,0.9,1,0.029,-1.9,-1.8,-3.7,-0.7
16,OG Anunoby,SF,TOR,63,1897,13.2,0.598,0.408,0.163,4.2,14.6,9.5,7.5,2.2,2.1,11.7,14.4,1.8,3.3,5.1,0.13,-0.9,1.8,0.9,1.4
17,Ryan Arcidiacono,PG,CHI,58,930,9,0.551,0.627,0.173,2.3,11.2,6.5,14.3,1.4,0.3,13.5,12.5,0.7,0.7,1.4,0.07,-2.7,-0.1,-2.8,-0.2
18,Trevor Ariza,SF,TOT,53,1493,11,0.593,0.639,0.228,2.5,15.6,9,8.1,2.2,0.9,13.6,11.9,1.3,1.3,2.6,0.084,-1.5,0.9,-0.5,0.6
19,D.J. Augustin,PG,ORL,49,1215,14.2,0.548,0.438,0.395,1.5,8.3,4.8,26.7,1.2,0.1,12.9,19.1,1.8,0.8,2.6,0.101,-0.3,-1,-1.4,0.2
20,Deandre Ayton,C,PHO,30,996,20.4,0.571,0.006,0.168,13.5,27,20.1,9.7,1,4.5,12.4,24.3,1.1,1.3,2.4,0.117,0.8,-0.4,0.5,0.6
21,Dwayne Bacon,SG,CHO,39,687,6.1,0.419,0.275,0.217,2.3,14,7.9,11.7,1.7,0.3,12.2,19.5,-1.2,0.4,-0.8,-0.053,-5.9,-0.9,-6.8,-0.8
23,Lonzo Ball,PG,NOP,56,1817,13.7,0.529,0.578,0.107,3.6,16.6,10.1,29.3,2,1.4,20.7,18.6,0.7,1.9,2.6,0.068,0.4,0.6,1,1.3
24,Mo Bamba,C,ORL,60,868,17.8,0.549,0.369,0.163,11.7,25.7,18.5,7.3,1.2,8.9,12.2,17.2,0.9,1.7,2.5,0.14,-1.1,1.7,0.5,0.6
25,J.J. Barea,PG,DAL,26,391,14.9,0.519,0.425,0.101,2.7,10,6.4,37.7,0.5,0.4,15.8,24.3,0.5,0.2,0.7,0.084,1.8,-2.7,-1,0.1
26,Harrison Barnes,PF,SAC,64,2231,13.3,0.575,0.342,0.343,3,12.7,7.7,9.9,0.8,0.4,8.9,17.6,3.1,1.1,4.2,0.091,0,-1.2,-1.2,0.5
27,RJ Barrett,SG,NYK,56,1704,10.7,0.479,0.271,0.349,3,14.8,8.7,12.8,1.6,0.9,12.9,24,-1.6,1.1,-0.5,-0.015,-2.8,-1.5,-4.3,-1
28,Will Barton,SF,DEN,58,1916,15.7,0.549,0.39,0.18,4.4,16.8,10.6,16,1.6,1.4,9.9,20,2.4,2.1,4.5,0.113,1.2,-0.1,1.2,1.5
29,Keita Bates-Diop,SF,TOT,39,665,12.6,0.541,0.452,0.332,3.2,15,8.9,6.5,1.2,2.6,5.5,15.6,0.6,0.5,1.1,0.081,-0.8,-0.1,-0.8,0.2
30,Nicolas Batum,SF,CHO,22,505,9.2,0.463,0.605,0.123,5.2,16.8,10.8,18.3,1.7,1.5,20.5,9.4,0.2,0.4,0.6,0.055,-2.7,0.9,-1.9,0
31,Aron Baynes,C,PHO,42,934,15.1,0.581,0.441,0.197,8.3,20.2,14.1,11,0.5,2.2,10.8,21.1,1.3,0.7,2,0.103,-0.2,-0.9,-1.1,0.2
32,Kent Bazemore,SF-SG,TOT,64,1604,9.2,0.5,0.461,0.287,1.6,16.9,9.2,7.1,2.1,2.1,13.2,17.2,-0.8,1.5,0.7,0.02,-3.4,0.4,-3,-0.4
33,Darius Bazley,PF,OKC,53,909,8.1,0.475,0.435,0.204,2.7,20.7,12,4.3,1.1,3.3,13.8,14.1,-0.8,1.2,0.4,0.019,-3.1,0.6,-2.5,-0.1
34,Bradley Beal,SG,WAS,57,2053,23.1,0.579,0.369,0.351,2.7,10.6,6.5,29.1,1.6,1,11.4,34.4,4.6,0.5,5.1,0.119,5.3,-2.4,2.9,2.5
35,Malik Beasley,SG,TOT,55,1209,12.7,0.546,0.517,0.124,1.6,11.9,6.6,9.4,1.6,0.6,9.2,21.8,0.4,0.9,1.3,0.053,-0.7,-1.3,-2,0
36,Marco Belinelli,SG,SAS,52,779,10.2,0.521,0.572,0.151,0.6,11.9,6.2,11.3,0.6,0.1,5.2,17,0.4,0.1,0.6,0.035,-1,-1.9,-2.9,-0.2
37,Jordan Bell,C-PF,TOT,29,256,13.9,0.577,0.179,0.463,12,21.8,16.7,8.9,0.5,3.2,20.7,16.4,0.2,0.2,0.4,0.07,-1.4,-1.1,-2.5,0
38,DeAndre' Bembry,SG,ATL,43,915,9.6,0.5,0.285,0.211,4,14.1,8.9,12.3,2.8,1.7,19.4,14,-0.5,0.7,0.2,0.011,-3.5,1,-2.4,-0.1
40,Dāvis Bertāns,PF,WAS,54,1583,15.5,0.628,0.774,0.2,2.3,15.1,8.5,8.3,1.1,1.8,8.2,19,3,0.5,3.5,0.106,2.7,-1.8,0.9,1.1
41,Patrick Beverley,PG,LAC,48,1299,12.3,0.554,0.609,0.126,4.6,15.7,10.3,18.2,1.9,1.7,15.7,13,1.4,2,3.4,0.126,-0.5,2.6,2.1,1.3
42,Khem Birch,C,ORL,40,777,10.1,0.529,0.009,0.583,9.3,15.7,12.4,6.1,1,2.4,13.7,9.3,0.7,0.8,1.5,0.092,-3.3,0.3,-3,-0.2
43,Goga Bitadze,C,IND,49,410,12.2,0.53,0.279,0.256,6,19.8,12.9,7.1,0.7,6.9,14.8,18.1,-0.1,0.7,0.6,0.069,-4,1.5,-2.5,0
44,Bismack Biyombo,C,CHO,53,1029,16.1,0.57,0,0.543,12.3,20.7,16.3,7.8,0.5,4.4,12.2,16.8,1.5,0.9,2.4,0.113,-1.8,-0.7,-2.5,-0.1
45,Nemanja Bjelica,PF,SAC,64,1821,15.6,0.597,0.488,0.121,6.5,19.4,12.8,14.6,1.4,1.7,12.6,17.4,3,1.7,4.7,0.125,1.2,0.4,1.6,1.7
46,Eric Bledsoe,PG,MIL,56,1524,18.1,0.579,0.304,0.292,2.8,13.3,8.4,28.5,1.6,1.4,15.8,24,2.4,2.9,5.3,0.168,1.1,1.1,2.2,1.6
47,Bogdan Bogdanović,SG,SAC,53,1510,14.3,0.56,0.595,0.164,1.2,11.8,6.4,17.2,1.7,0.9,11.5,22.3,1.2,1.1,2.4,0.075,0.7,-0.3,0.4,0.9
48,Bojan Bogdanović,SF,UTA,63,2083,15.7,0.603,0.489,0.296,2.2,11.1,6.8,9.9,0.8,0.3,13.1,25.6,2.7,1.6,4.3,0.099,1.6,-1.5,0.2,1.1
52,Isaac Bonga,SF,WAS,58,1025,10.7,0.627,0.299,0.348,6.3,13.6,9.8,7.7,1.7,1.8,16.2,10.3,1.3,0.4,1.7,0.081,-2.4,0,-2.4,-0.1
53,Devin Booker,SG,PHO,62,2241,19.8,0.617,0.313,0.395,1.3,11.7,6.4,30.2,1,0.6,15.7,29.5,4.8,1.2,6,0.129,3.1,-1.4,1.7,2.1
54,Chris Boucher,PF,TOR,55,724,19.8,0.57,0.381,0.396,14,21.1,17.7,4.7,1.3,7.1,7,19.4,1.7,1.5,3.2,0.214,0.4,1,1.4,0.6
56,Ky Bowman,PG,GSW,45,1015,9.2,0.494,0.333,0.128,2.5,10.7,6.5,19.4,2.1,0.9,17.1,17.2,-0.6,0.6,-0.1,-0.003,-4,-0.3,-4.3,-0.6
57,Avery Bradley,SG,LAL,49,1186,8.9,0.537,0.452,0.063,1.7,8.7,5.3,7.1,1.7,0.4,10.7,15.7,0.2,1.4,1.6,0.066,-2.9,0.5,-2.4,-0.1
58,Tony Bradley,C,UTA,50,535,21.8,0.675,0.006,0.258,19.3,24.7,22.1,4.9,1.1,3.9,11.8,16.1,1.8,0.9,2.7,0.242,0.9,0.4,1.3,0.4
61,Mikal Bridges,SF,PHO,65,1772,13,0.623,0.391,0.258,3.6,12.8,8.1,8.9,2.5,1.9,12.5,12.4,2.2,1.9,4.1,0.111,-0.7,1.5,0.8,1.3
62,Miles Bridges,SF,CHO,65,1995,12.1,0.52,0.398,0.174,4.6,15.6,9.9,9.4,1,2.2,10.5,20,0.3,1.3,1.6,0.038,-1.5,-1,-2.5,-0.3
65,Malcolm Brogdon,PG,IND,48,1472,17.8,0.537,0.296,0.246,3,13.8,8.5,34.5,1.1,0.5,13.6,25.2,2,1.4,3.5,0.113,2.2,-0.5,1.7,1.4
66,Dillon Brooks,SG,MEM,65,1851,11.1,0.508,0.387,0.192,3.5,8.4,6,10,1.4,1.2,9.7,25,-0.3,1.3,1,0.025,-2.8,-1.5,-4.3,-1.1
67,Bruce Brown,SG,DET,58,1634,11.9,0.518,0.215,0.266,4.2,15,9.5,20.4,1.9,1.5,16.7,16,0.8,1.4,2.1,0.062,-2,0.8,-1.2,0.3
69,Jaylen Brown,SF,BOS,50,1702,17.1,0.589,0.364,0.28,3.4,16.5,10,10.2,1.6,0.9,11.8,24.7,2.1,2.3,4.5,0.126,1,-0.1,0.9,1.2
71,Sterling Brown,SF,MIL,45,665,9.3,0.478,0.523,0.161,4.4,19.2,12.3,8.8,1.5,0.9,13.4,16.7,-0.4,1.3,1,0.071,-3.1,1,-2,0
72,Troy Brown Jr.,SG,WAS,61,1519,13.7,0.534,0.287,0.225,4.4,19.6,11.7,13,2.3,0.3,10.5,17,1.2,0.9,2.2,0.069,-0.8,-0.4,-1.3,0.3
73,Jalen Brunson,PG,DAL,57,1022,15,0.553,0.309,0.193,2.3,11.3,6.9,26.9,1,0.3,13.6,20.4,1.6,0.7,2.3,0.108,0.1,-0.9,-0.8,0.3
74,Thomas Bryant,C,WAS,38,901,20,0.659,0.176,0.309,8.8,23.4,15.8,11.9,0.7,3.2,12.1,18.3,2.4,0.5,2.9,0.153,2.1,-1.2,0.9,0.7
75,Reggie Bullock,SG,NYK,29,684,9.3,0.502,0.496,0.094,2,8.8,5.3,8.8,1.8,0.4,7.5,15.6,0.2,0.3,0.5,0.036,-2.7,-0.3,-3,-0.2
76,Trey Burke,PG,PHI,25,329,15.4,0.545,0.299,0.142,5,6.7,5.9,24.2,1,0.3,8.2,19.3,0.6,0.2,0.9,0.129,0.7,-1.1,-0.5,0.1
77,Alec Burks,SG,TOT,59,1612,16,0.549,0.389,0.358,2.8,15.2,8.8,16.9,1.7,0.9,9.5,23.8,1.9,1.1,2.9,0.088,0.6,-0.7,-0.2,0.7
78,Deonte Burton,SG,OKC,34,284,5.9,0.426,0.438,0.114,2.4,15.9,9.4,5.6,0.9,3,11.3,19.3,-0.6,0.3,-0.3,-0.046,-5.5,-0.4,-5.8,-0.3
79,Jimmy Butler,SF,MIA,54,1851,23.4,0.583,0.162,0.679,6.2,15.2,10.9,28.1,2.4,1.6,11.2,25.2,6,2.5,8.5,0.219,4,1.3,5.2,3.4
80,Bruno Caboclo,SF,TOT,27,220,13.4,0.455,0.364,0.065,10.6,14.5,12.6,7.4,2.5,6.3,10.2,16.7,0,0.4,0.3,0.07,-2.5,1.1,-1.4,0
81,Kentavious Caldwell-Pope,SG,LAL,63,1603,11.6,0.592,0.474,0.204,2.6,6.3,4.5,8.7,1.6,0.7,9.8,14.8,2,1.8,3.8,0.114,-0.8,0.5,-0.3,0.7
83,Clint Capela,C,HOU,39,1279,20.7,0.626,0,0.268,13.7,30.5,22,5.7,1.2,4.8,12.7,16,2.9,2.1,5,0.186,1.1,0.4,1.5,1.1
84,DeMarre Carroll,SF,TOT,21,231,8.5,0.523,0.5,0.667,5.1,16.7,10.9,10.1,0.8,1.5,18.6,15.8,0,0.1,0.1,0.026,-3.4,-1.1,-4.5,-0.1
85,Jevon Carter,PG,PHO,50,754,10.4,0.535,0.571,0.122,3.6,11,7.2,11.7,2.4,1.5,12.6,13.9,0.3,0.7,1.1,0.068,-1.6,1,-0.6,0.3
86,Vince Carter,SF,ATL,60,876,7.6,0.47,0.664,0.095,2.2,13.2,7.6,7.7,1.2,2.4,9.4,16.6,-0.6,0.4,-0.2,-0.011,-3.1,-1.2,-4.3,-0.5
87,Wendell Carter Jr.,C,CHI,43,1256,15.5,0.59,0.085,0.443,11.6,24.6,17.8,6,1.3,2.7,14.9,16.4,1.7,1.6,3.3,0.127,-2.1,-0.3,-2.4,-0.1
88,Michael Carter-Williams,SG,ORL,42,773,15.7,0.539,0.281,0.36,5.9,13.8,9.7,19.4,2.8,2.3,14.6,18.4,0.7,1.1,1.9,0.116,-1.3,1.7,0.4,0.5
89,Alex Caruso,PG,LAL,58,1032,11,0.538,0.412,0.292,1.5,10.1,5.9,12.6,2.8,1.4,13.6,13.9,0.6,1.6,2.2,0.103,-2.4,2.4,0.1,0.5
90,Willie Cauley-Stein,C,TOT,54,1097,17,0.589,0.003,0.219,8,23.2,15.5,9.9,2.1,4.9,10.8,14.4,1.5,1.5,3,0.129,-1.2,1.7,0.5,0.7
91,Tyson Chandler,C,HOU,26,219,10.8,0.717,0,0.722,11.9,19.8,15.8,3.5,1.3,3.1,25.2,6,0.3,0.3,0.6,0.13,-2.5,1.1,-1.4,0
92,Wilson Chandler,SF,BRK,35,734,7.4,0.531,0.661,0.126,1.6,18.3,10.2,7.4,1,1.4,15,13,-0.1,0.9,0.8,0.05,-3.9,1,-2.9,-0.2
95,Chris Chiozza,PG,TOT,21,249,12.9,0.526,0.519,0.025,2.5,12.5,7.4,26.7,2.8,0.7,17.5,16.2,0.1,0.3,0.4,0.077,-0.8,1.6,0.8,0.2
96,Marquese Chriss,PF,GSW,59,1196,19.4,0.604,0.101,0.405,10,23.6,16.5,15.3,1.6,4.7,14.7,19,2.1,1.3,3.4,0.136,0.1,0.5,0.6,0.8
97,Gary Clark,PF,TOT,35,425,10.3,0.534,0.851,0.089,6.6,14.8,10.6,4.7,0.6,2.9,4.5,10.9,0.5,0.4,0.9,0.098,-1.1,-1.1,-2.2,0
98,Brandon Clarke,PF,MEM,50,1086,21.8,0.67,0.127,0.228,7.7,20.3,14.1,10.1,1.1,3.3,9.3,19,3.1,1.3,4.4,0.192,2.8,0.7,3.5,1.5
99,Jordan Clarkson,SG,TOT,63,1527,17.9,0.583,0.469,0.193,3.5,8.5,6,13.4,1.4,0.8,9.1,25.5,2.6,0.9,3.5,0.11,2.7,-1.1,1.6,1.4
101,Chris Clemons,SG,HOU,29,251,12.6,0.546,0.746,0.056,1.2,8.4,4.8,13.5,1.1,1.7,11.6,24,0.1,0.2,0.2,0.046,0.4,-1.7,-1.3,0.1
104,John Collins,PF,ATL,41,1363,23.5,0.659,0.243,0.248,9,24,16.4,7.6,1.1,4.1,10.1,22.7,3.8,1.1,4.9,0.174,3.7,-0.7,3.1,1.7
106,Mike Conley,PG,UTA,41,1171,13.7,0.527,0.438,0.241,2.7,9.5,6.2,22.8,1.3,0.3,12.4,23,1,1,2.1,0.085,0.4,-0.4,0,0.6
107,Pat Connaughton,SG,MIL,61,1119,11.2,0.558,0.525,0.138,5.3,16.9,11.4,10.6,0.8,2.3,14.5,11.9,0.9,2.1,3,0.13,-1.1,1.6,0.5,0.7
108,Quinn Cook,PG,LAL,38,409,10.5,0.517,0.382,0.052,1.9,8.6,5.3,13.9,1.3,0.2,12.4,20.8,-0.1,0.4,0.4,0.043,-2.3,-1,-3.3,-0.1
110,Robert Covington,PF,TOT,62,1867,13.6,0.571,0.654,0.167,3,19.9,11.2,5.8,2.4,3.6,11.8,17.4,0.9,2.4,3.3,0.085,-1,1.1,0.1,1
111,Allen Crabbe,SG,TOT,37,653,6,0.47,0.672,0.079,1.8,11,6.3,6.8,1.1,0.5,8.5,12.7,-0.2,0.1,-0.1,-0.007,-3.7,-1.5,-5.3,-0.5
112,Torrey Craig,SF,DEN,50,869,10.4,0.559,0.524,0.149,6.1,13.8,10,5.2,1,3.4,9,12.2,0.8,0.9,1.7,0.095,-2.4,0.1,-2.3,-0.1
113,Jae Crowder,SF,TOT,58,1695,12.1,0.532,0.692,0.236,3.1,18.7,11.1,11.7,1.9,1.1,9.9,15.6,1.2,2,3.2,0.09,-0.9,0.3,-0.6,0.6
114,Jarrett Culver,SG,MIN,63,1506,9.6,0.467,0.388,0.206,4.7,10.3,7.4,10.8,1.8,2.1,11.5,19.2,-1.2,1.1,-0.1,-0.004,-3.2,-0.8,-4,-0.8
115,Seth Curry,SG,DAL,59,1448,16.2,0.65,0.564,0.165,1.9,8,5,12.1,1.2,0.5,9.5,18.6,3.4,0.9,4.3,0.144,2,-0.7,1.4,1.2
117,Troy Daniels,SG,TOT,42,457,8.9,0.524,0.711,0.101,2.9,7.9,5.5,4.1,0.8,0.6,5.1,16.2,0.2,0.4,0.7,0.07,-1.2,-1,-2.2,0
118,Anthony Davis,PF,LAL,55,1889,28.2,0.614,0.195,0.46,7.3,22.1,14.9,14.6,2.1,6.2,10.1,29.7,6.2,4.1,10.3,0.262,5.8,2.8,8.5,5
119,Ed Davis,C,UTA,25,268,7.3,0.425,0,0.324,12.4,25.8,19.4,3.8,1.8,2.8,25.1,8.5,-0.1,0.5,0.4,0.074,-5.5,1.7,-3.9,-0.1
120,Terence Davis,SG,TOR,64,1087,14.5,0.598,0.568,0.133,4.6,16.3,10.5,14.6,1.4,1.1,13.6,18.9,1.4,1.6,3,0.133,0.7,0.6,1.3,0.9
121,Dewayne Dedmon,C,TOT,44,774,9.4,0.473,0.42,0.141,8.5,27.7,17.9,4.1,1.5,4.8,17.4,18.2,-1,1.1,0.1,0.006,-5.8,0,-5.8,-0.7
122,Matthew Dellavedova,PG,CLE,57,821,8.1,0.463,0.52,0.211,2.4,7.8,5.1,29,1.2,0.2,23.6,13,0.1,0.1,0.2,0.01,-3.6,-1.6,-5.2,-0.7
123,DeMar DeRozan,SF,SAS,61,2091,21.3,0.597,0.031,0.419,2,15.7,8.9,26,1.4,0.6,11.5,26.6,5.1,1.1,6.2,0.143,2.1,-0.5,1.6,1.9
124,Cheick Diallo,C,PHO,44,467,16.3,0.688,0.015,0.27,6.5,24.1,15.1,7.2,1,2.3,16.4,16.7,0.8,0.5,1.3,0.129,-1.1,-0.3,-1.4,0.1
125,Hamidou Diallo,SF,OKC,38,699,8.4,0.488,0.16,0.205,4.8,14.3,9.7,4.5,2,1,13.4,17.4,-0.6,0.8,0.2,0.014,-5,0.3,-4.8,-0.5
126,Gorgui Dieng,C,TOT,58,1012,17.4,0.564,0.414,0.242,8.8,26.5,17.5,10.3,2.2,4.6,12.7,17.7,1.1,1.6,2.7,0.128,0,1.8,1.8,0.9
127,Spencer Dinwiddie,SG,BRK,64,1994,17.9,0.541,0.392,0.437,1.7,9.5,5.7,35.6,1,0.9,12.5,29.2,3.4,1.7,5.1,0.123,2.6,-0.8,1.7,1.9
128,Donte DiVincenzo,SG,MIL,59,1362,15,0.57,0.489,0.173,4.6,15.7,10.5,13.3,2.7,1.2,12.9,16.9,1.4,3.1,4.5,0.158,-0.6,2.7,2.1,1.4
129,Luka Dončić,PG,DAL,54,1799,27.7,0.584,0.442,0.442,4.1,24.7,14.6,45.3,1.6,0.5,14.6,37,5.8,2.3,8.1,0.215,7.3,1.1,8.4,4.7
130,Luguentz Dort,SG,OKC,29,637,7.3,0.521,0.465,0.229,2.7,6.6,4.7,4.5,1.8,0.3,8,13,0.2,0.5,0.7,0.052,-4.3,0.4,-3.9,-0.3
131,Damyean Dotson,SG,NYK,48,836,10.9,0.527,0.562,0.114,1.2,10.6,5.8,10,1.3,0.5,6.5,16.5,0.6,0.3,0.9,0.053,-0.9,-0.5,-1.4,0.1
132,Sekou Doumbouya,SF,DET,38,754,6.2,0.474,0.415,0.195,3,14.9,8.9,3.6,1.3,0.9,12,16.9,-0.8,0.5,-0.3,-0.02,-5.2,-1.5,-6.7,-0.9
133,PJ Dozier,PG,DEN,21,234,9.3,0.449,0.308,0.121,2.4,11.9,7.1,17.5,1.5,2,10.3,19.8,-0.1,0.2,0.1,0.019,-4.4,-0.8,-5.2,-0.2
134,Goran Dragić,PG,MIA,54,1531,15.9,0.571,0.472,0.333,2,9.9,6.1,28.6,1,0.5,14.9,25.7,2,1.1,3,0.095,1.4,-1.9,-0.5,0.6
135,Andre Drummond,C,TOT,57,1879,22,0.553,0.045,0.375,14.9,37.5,26,13.6,2.8,4.2,18.2,25.9,0.7,3.6,4.3,0.109,-0.1,1.1,1,1.4
136,Jared Dudley,SF,LAL,40,311,7.4,0.57,0.68,0.04,1.8,13,7.5,7.4,1.8,0.8,10.5,7.7,0.2,0.4,0.7,0.103,-2.7,2,-0.7,0.1
137,Kris Dunn,PG,CHI,51,1269,12.1,0.51,0.327,0.158,1.9,14.9,8.1,19.4,3.8,1.3,15.7,14.6,0.3,2,2.3,0.085,-3.7,3.1,-0.6,0.4
138,Carsen Edwards,SG,BOS,35,316,6.5,0.446,0.602,0.115,2.1,12.4,7.3,9.5,1.5,0.9,11.2,18.1,-0.3,0.4,0.1,0.012,-4.6,-0.3,-4.9,-0.2
140,Wayne Ellington,SG,NYK,36,558,8.5,0.509,0.822,0.075,0.7,12,6.2,11,1.1,0.7,9.1,15,0.2,0.2,0.4,0.035,-1.9,-1,-2.8,-0.1
141,Joel Embiid,C,PHI,44,1329,26,0.593,0.23,0.545,10.1,33.1,21.6,17.3,1.4,3.7,13.4,32.6,3.2,2.4,5.6,0.203,4.1,1.2,5.2,2.4
142,James Ennis,SF,TOT,61,1053,11.5,0.557,0.473,0.265,6.3,14.5,10.4,7.2,1.3,1.6,11.6,15.2,0.9,1.2,2.1,0.096,-2.1,-0.3,-2.5,-0.1
144,Jacob Evans,SG,TOT,29,418,5.5,0.436,0.291,0.216,2.3,8.6,5.3,10.8,1.3,2.6,14.6,17.5,-0.7,0.2,-0.5,-0.056,-5.7,-1.3,-7,-0.5
145,Dante Exum,SG,TOT,35,485,10.4,0.576,0.361,0.361,2.8,12.6,7.7,11.5,1.3,1.4,18.4,15,0.2,0.2,0.4,0.043,-2.5,-0.4,-2.9,-0.1
147,Derrick Favors,C,NOP,45,1089,19,0.624,0.023,0.203,14.1,29,21.5,9.8,1.1,3.4,13.3,14.4,2.4,1.4,3.8,0.168,0.8,0.4,1.2,0.9
148,Cristiano Felício,PF,CHI,22,386,12.8,0.671,0.037,0.426,15,14.1,14.6,5.7,1.2,0.5,21.9,9.1,0.7,0.3,1,0.126,-1.4,-1.6,-3,-0.1
149,Terrance Ferguson,SF,OKC,50,1170,4.1,0.504,0.779,0.095,2.3,4.6,3.5,5,1.1,1.2,12.6,9,-0.1,0.8,0.7,0.027,-4.5,0.3,-4.1,-0.6
150,Bruno Fernando,C,ATL,56,713,11.9,0.542,0.186,0.256,10,20,15,9.9,1.2,2,15.9,15.3,0.4,0.4,0.8,0.055,-3.2,-1,-4.1,-0.4
151,Yogi Ferrell,PG,SAC,44,484,10.7,0.499,0.408,0.219,1.4,10,5.6,17.6,1.4,0.8,11.9,18.9,0.1,0.3,0.4,0.036,-2.1,-0.4,-2.5,-0.1
152,Dorian Finney-Smith,PF,DAL,64,1898,12.2,0.597,0.58,0.212,7,12.3,9.7,6.8,1.1,1.7,11.2,12.7,2.9,1.6,4.5,0.114,0,-0.1,-0.2,0.9
153,Bryn Forbes,SG,SAS,63,1579,11.2,0.57,0.656,0.155,0.8,7.8,4.3,9.6,1,0,8.4,18.6,1.2,0.2,1.5,0.045,-0.6,-2.1,-2.7,-0.3
154,Evan Fournier,SG,ORL,61,1931,16.7,0.599,0.467,0.236,0.9,8.1,4.4,16.5,1.8,0.7,11.1,24.2,2.7,1.7,4.4,0.11,1.5,-0.3,1.2,1.6
155,De'Aaron Fox,PG,SAC,45,1426,20.3,0.556,0.221,0.442,2.3,12.3,7.2,35.4,2.2,1.5,14.6,29.6,2.1,1.3,3.5,0.117,2.1,-0.3,1.8,1.4
158,Tim Frazier,PG,DET,27,355,9.8,0.464,0.319,0.255,2.8,7.8,5.3,36.5,1.9,0.9,25.6,17.3,-0.1,0.2,0.1,0.016,-2.9,-1.6,-4.5,-0.2
159,Markelle Fultz,PG,ORL,64,1813,14.4,0.523,0.175,0.209,2,10.9,6.3,28.8,2.2,0.5,15.1,20.7,0.8,1.9,2.7,0.071,-1.9,0.2,-1.7,0.1
160,Wenyen Gabriel,PF,TOT,28,210,9.6,0.547,0.435,0.435,9.1,14,11.6,5,2.3,2.5,22.6,14.5,0,0.2,0.2,0.043,-3.9,0,-3.9,-0.1
161,Daniel Gafford,C,CHI,43,609,16.2,0.686,0,0.448,9,10.3,9.6,5.2,1,8.7,15.3,13.3,1.1,0.8,1.8,0.146,-2.8,1.5,-1.3,0.1
162,Danilo Gallinari,PF,OKC,55,1690,19.4,0.611,0.538,0.352,2.2,17.1,9.9,10.5,1.2,0.2,7.5,24.4,4.1,1.6,5.7,0.163,4.1,-0.9,3.2,2.2
163,Langston Galloway,SG,DET,66,1702,12.3,0.584,0.611,0.157,2.2,7.8,5,8.8,1.4,0.5,6.5,15.9,2.4,0.7,3.1,0.087,0.1,-0.9,-0.8,0.5
164,Darius Garland,PG,CLE,59,1824,8.5,0.498,0.423,0.103,1.6,5.2,3.4,18.5,1.1,0.2,17.1,20.7,-1.3,0,-1.3,-0.035,-2.7,-2.9,-5.6,-1.7
165,Marc Gasol,C,TOR,36,990,11.9,0.546,0.538,0.153,3.2,20.8,12.2,16.9,1.3,3.2,14.6,12.7,0.9,1.8,2.7,0.128,-0.9,2.7,1.8,0.9
166,Rudy Gay,PF,SAS,60,1287,14.4,0.545,0.369,0.225,4.7,22.3,13.5,11.3,1,1.9,12.4,21.3,0.6,0.9,1.5,0.054,-0.5,-1,-1.5,0.2
167,Paul George,SF,LAC,42,1222,20.5,0.582,0.494,0.277,1.9,18.1,10.2,21.2,2.2,1.4,13,29.6,1.9,2,3.9,0.153,3.4,1.1,4.5,2
168,Taj Gibson,C,NYK,62,1025,16.1,0.61,0.049,0.196,11.2,16.7,13.9,7.6,1.3,2.8,13.1,14.8,1.8,0.8,2.6,0.12,-0.7,-0.4,-1.1,0.2
169,Harry Giles,PF,SAC,38,579,16.3,0.586,0,0.208,6.3,25.2,15.5,13.4,1.8,2.3,13.4,19.6,0.7,0.7,1.4,0.12,-2.2,1.1,-1.1,0.1
170,Shai Gilgeous-Alexander,SG,OKC,63,2214,17.8,0.566,0.237,0.339,2.3,16.4,9.6,14.8,1.5,1.7,9.8,23.7,2.9,2.6,5.5,0.12,1.4,0.2,1.6,2
171,Rudy Gobert,C,UTA,62,2142,21.7,0.7,0,0.725,11.3,31.3,21.8,6.5,1.1,4.8,15.2,16.1,6,4,10,0.225,1.8,1.9,3.7,3.1
172,Brandon Goodwin,PG,ATL,34,430,11.7,0.507,0.458,0.158,2.7,15.5,9,18,1.3,0.8,12.5,22.4,-0.1,0.2,0.1,0.013,-1.5,-1.3,-2.9,-0.1
173,Aaron Gordon,PF,ORL,58,1914,14.8,0.511,0.311,0.28,5.6,19.6,12.4,17.2,1.3,1.7,10.3,20.6,1.2,2.2,3.3,0.084,-0.3,0.1,-0.3,0.8
174,Eric Gordon,SG,HOU,34,972,10.5,0.511,0.658,0.235,0.9,6.2,3.5,7.8,1.1,1.1,6.9,22.1,0.2,0.5,0.7,0.037,-1.6,-2,-3.6,-0.4
175,Devonte' Graham,PG,CHO,63,2211,15.8,0.537,0.607,0.242,2,8.7,5.2,35.3,1.4,0.6,14.5,24.8,2.5,0.9,3.4,0.073,2.6,-2.1,0.5,1.4
176,Treveon Graham,SG,TOT,55,929,6.6,0.456,0.496,0.231,5.7,11.7,8.6,6.6,1.2,0.5,9.8,13.1,-0.2,0.4,0.2,0.009,-4.5,-1.1,-5.5,-0.8
177,Jerami Grant,PF,DEN,64,1676,14.2,0.585,0.394,0.308,3.5,11.6,7.5,6.7,1.3,2.9,8,17.8,2.4,1.7,4,0.116,-0.1,-0.4,-0.4,0.7
179,Danny Green,SG,LAL,61,1529,11.1,0.564,0.704,0.104,3.2,11.3,7.3,7.3,2.4,1.7,10.8,13.8,1.1,2.4,3.4,0.108,-0.8,1.7,0.9,1.1
180,Draymond Green,PF,GSW,43,1222,12.6,0.489,0.408,0.263,2,22.3,11.8,31.2,2.3,2.4,21.8,15.7,-0.2,1.3,1.1,0.044,-2,1.9,-0.2,0.6
181,JaMychal Green,PF,LAC,55,1130,10.8,0.554,0.675,0.146,7,24.3,15.9,5.1,1,1.6,12.3,13.5,0.8,1.8,2.6,0.111,-1.4,0.6,-0.8,0.3
182,Javonte Green,SF,BOS,44,414,12.3,0.558,0.235,0.367,4.7,15.9,10.4,7.6,2.7,1.6,13.7,13.6,0.3,0.7,1,0.112,-2.4,1.8,-0.6,0.1
183,Jeff Green,PF,TOT,40,754,12.8,0.575,0.529,0.28,3.4,12.5,8.1,6.2,1.3,1.7,10.9,18.9,0.6,0.8,1.4,0.089,-0.4,0,-0.5,0.3
185,Marko Guduric,SG,MEM,42,476,8.8,0.515,0.526,0.162,3.1,12.3,7.8,12.4,1.2,1.5,17.9,17.6,-0.2,0.4,0.1,0.012,-2.6,-0.8,-3.4,-0.2
187,Rui Hachimura,PF,WAS,41,1217,13.9,0.543,0.16,0.243,5.5,17.4,11.2,8.3,1.3,0.5,7.5,18.7,1.3,0.4,1.7,0.066,-1.1,-1.9,-3,-0.3
191,Tim Hardaway Jr.,SG,DAL,63,1815,15,0.581,0.574,0.191,1.4,9.9,5.7,10.2,1,0.2,6.6,21.7,3.1,1.1,4.2,0.111,1.5,-1.2,0.4,1.1
192,James Harden,SG,HOU,61,2241,28.4,0.616,0.555,0.519,3,15.3,9.1,34.4,2.2,2,13.8,36.4,8.7,2.7,11.5,0.245,7.9,1.2,9,6.3
193,Maurice Harkless,SF,TOT,62,1427,9.7,0.572,0.346,0.233,4.1,13.3,8.7,6.3,1.9,2,14.5,10.7,0.8,1.9,2.7,0.09,-2.6,1.9,-0.8,0.5
195,Montrezl Harrell,C,LAC,63,1749,23.1,0.607,0.022,0.432,9.9,16.2,13.1,10.3,1.1,3.6,10.1,25.5,4.5,2.5,7,0.193,2.4,0.5,2.9,2.2
196,Gary Harris,SG,DEN,56,1780,9.7,0.519,0.405,0.177,1.6,8.6,5.1,8.9,2.1,0.7,9.7,15.1,0.5,1.7,2.2,0.059,-2.8,0.4,-2.4,-0.2
197,Joe Harris,SF,BRK,63,1946,12.7,0.592,0.523,0.118,3.3,10.9,7.2,10.3,0.9,0.7,11.1,17.9,2.1,1.7,3.8,0.094,0,-0.5,-0.5,0.8
198,Tobias Harris,PF,PHI,65,2243,16.8,0.557,0.309,0.183,2.7,19,10.8,14.6,1.1,1.3,7.9,23.6,3,2.6,5.6,0.12,1,-0.4,0.6,1.5
199,Shaquille Harrison,SF,CHI,43,484,17.8,0.559,0.255,0.303,4.8,15.3,9.8,15.3,3.4,3.7,9.2,18.1,0.8,0.8,1.5,0.153,0.4,2.4,2.8,0.6
200,Josh Hart,SF,NOP,57,1563,11.7,0.556,0.676,0.189,3.6,21.4,12.5,8,1.7,1.1,11.1,15.3,1,1.7,2.7,0.083,-1.2,0.6,-0.6,0.6
201,Isaiah Hartenstein,C,HOU,23,266,18.7,0.674,0.075,0.418,11.4,24.2,17.7,9.8,1.6,3.9,16.8,14.8,0.7,0.4,1.1,0.191,-0.9,1.3,0.4,0.2
203,Jaxson Hayes,C,NOP,56,951,17.8,0.675,0.017,0.736,9,15.7,12.3,7.5,1.1,4.6,11.6,15.1,2.5,1,3.5,0.176,-0.8,0.8,0.1,0.5
204,Gordon Hayward,SF,BOS,45,1501,18.2,0.593,0.311,0.183,3.2,17.6,10.5,19,1.1,1.2,10.8,20.9,3.1,1.9,5,0.16,2.6,0.3,2.9,1.8
205,John Henson,PF,TOT,40,600,17,0.578,0.211,0.269,8.5,21.8,15.1,13.4,2,6,15.8,16.3,0.6,0.8,1.4,0.109,-1.1,2.1,1,0.5
207,Juan Hernangómez,PF,TOT,48,833,10.4,0.518,0.522,0.287,5.5,20.4,12.8,6.6,1.1,1,10.3,15.7,0.2,0.7,1,0.055,-2.2,-1.1,-3.3,-0.3
208,Willy Hernangómez,C,CHO,31,375,19.2,0.576,0.158,0.424,12.1,27.5,19.5,13.5,1.3,1.7,15.4,22.9,0.4,0.4,0.8,0.107,0.6,-0.5,0.1,0.2
209,Tyler Herro,SG,MIA,47,1280,11.4,0.534,0.476,0.148,1.3,14.6,8.2,11.1,1.1,0.5,11.3,22,-0.3,1.1,0.9,0.033,-1,-1.3,-2.3,-0.1
211,Mario Hezonja,PF,POR,47,767,9.5,0.532,0.339,0.27,3.6,18.1,10.9,7.2,1.7,1,14.9,13.7,0.1,0.6,0.7,0.046,-3.1,0.2,-2.9,-0.2
212,Buddy Hield,SG,SAC,64,2045,16.3,0.566,0.582,0.123,3.1,14.1,8.4,15.8,1.4,0.8,11.8,27.1,1.6,1.5,3.1,0.074,2.6,-1.3,1.4,1.7
213,George Hill,PG,MIL,52,1103,17.5,0.668,0.452,0.247,4.3,9.2,6.9,18.4,1.7,0.3,11.6,15.8,3.2,1.9,5.1,0.22,1.8,1.4,3.2,1.5
214,Solomon Hill,SF,TOT,54,992,9.8,0.542,0.629,0.169,2.9,13.2,8.2,12.6,1.7,1.1,15,13.2,0.4,0.9,1.3,0.064,-1.9,0.2,-1.6,0.1
216,Aaron Holiday,PG,IND,58,1368,11.7,0.517,0.409,0.145,1.7,8.9,5.3,19.5,1.6,0.8,12.4,19.4,0.4,1.4,1.7,0.06,-1.4,-0.3,-1.7,0.1
217,Jrue Holiday,SG,NOP,55,1922,17.5,0.535,0.346,0.183,3.8,10.9,7.3,29.8,2.2,1.9,13.6,24.7,2.1,1.8,4,0.099,1.9,0.3,2.3,2.1
218,Justin Holiday,SG,IND,65,1617,12.7,0.598,0.667,0.137,2.1,11.9,7,7.1,2.3,2.3,8,13.5,1.7,2.2,4,0.117,0,1.7,1.6,1.5
219,Rondae Hollis-Jefferson,SF,TOR,52,998,15.5,0.533,0.058,0.437,11,15.8,13.4,12.9,2.1,2.1,12.2,17.2,1.4,1.8,3.2,0.153,-1.1,1.5,0.5,0.6
220,Richaun Holmes,C,SAC,39,1125,20.5,0.685,0,0.312,11.5,21.3,16.3,5.4,1.7,4.7,11.8,16,3.2,1.5,4.6,0.198,0.6,0.9,1.5,1
221,Rodney Hood,SF,POR,21,619,12.2,0.625,0.413,0.157,1.7,10.2,6,7.1,1.3,0.5,9.4,13.9,0.9,0.2,1.1,0.087,-0.4,-0.5,-0.9,0.2
222,Al Horford,C,PHI,60,1848,15.6,0.526,0.404,0.112,5.5,19.1,12.3,19.2,1.4,2.5,8.7,17.6,2.5,2.5,5,0.13,1.1,1.1,2.2,2
224,Danuel House,SF,HOU,58,1739,11.4,0.571,0.645,0.176,3.4,11.5,7.4,6.1,1.7,1.6,8.6,13.5,1.9,1.6,3.5,0.096,-0.6,0.1,-0.5,0.7
225,Dwight Howard,C,LAL,62,1193,18.7,0.696,0.019,0.7,14.6,26.8,20.9,4.8,1.1,5.6,17.8,14.5,2.6,2.4,5,0.202,-0.8,1.4,0.5,0.8
227,Kevin Huerter,SG,ATL,56,1760,11.5,0.536,0.548,0.105,2.1,12,7,17.5,1.4,1.3,12,17.1,1,0.6,1.6,0.042,-0.6,-0.9,-1.6,0.2
228,De'Andre Hunter,SF,ATL,63,2018,8.6,0.521,0.445,0.211,2.3,13.1,7.6,8,1,0.7,12.1,17.5,-0.4,0.5,0.1,0.001,-2.8,-1.8,-4.7,-1.4
229,Chandler Hutchison,SF,CHI,28,527,12.4,0.521,0.217,0.446,3.6,19.8,11.3,7.4,2.5,1.3,11.4,19.1,0,0.7,0.7,0.06,-2.7,0.1,-2.6,-0.1
230,Serge Ibaka,C,TOR,50,1377,18,0.593,0.266,0.191,8.2,23.3,15.9,8.8,0.8,2.9,12.9,24.1,1.5,2.4,3.9,0.136,0.5,-0.1,0.4,0.9
232,Ersan İlyasova,PF,MIL,56,895,15.2,0.591,0.428,0.259,7.1,22.5,15.2,7,1.2,1.4,9.3,16.4,1.5,1.9,3.4,0.18,-0.2,0.8,0.6,0.6
233,Joe Ingles,SF,UTA,64,1916,12.5,0.588,0.628,0.17,1.4,12.7,7.3,24,1.5,0.4,18.9,15,2.4,2,4.3,0.108,0,0.7,0.7,1.3
234,Brandon Ingram,PF,NOP,56,1919,19.2,0.59,0.352,0.328,2.7,16.6,9.6,19.8,1.3,1.6,13.1,28.2,3.2,1.7,4.9,0.122,2.7,-0.3,2.4,2.1
235,Kyrie Irving,PG,BRK,20,658,26.3,0.595,0.341,0.245,3.5,12.4,8.1,37.4,1.9,1.3,10.1,32.6,2.1,0.8,3,0.216,6.6,1,7.6,1.6
236,Jonathan Isaac,SF,ORL,32,949,16.9,0.542,0.283,0.227,6.2,19.3,12.6,7,2.6,7.4,11.7,18.3,0.4,1.9,2.3,0.114,-0.8,2.9,2,1
237,Wesley Iwundu,SF,ORL,45,810,9.9,0.521,0.345,0.392,2.9,12.4,7.5,7.9,1.5,1.2,7.3,13.1,0.6,0.8,1.4,0.08,-3.1,0.2,-2.9,-0.2
238,Frank Jackson,PG,NOP,51,656,7.7,0.5,0.467,0.249,3,8.4,5.7,8.6,1.1,0.5,13.1,20.4,-0.4,0.3,-0.1,-0.005,-4,-2,-6,-0.7
239,Jaren Jackson Jr.,C,MEM,54,1512,16.1,0.59,0.485,0.237,3.8,13.7,8.8,7.5,1.1,5,10.8,23.9,1.5,1.7,3.1,0.1,0.2,0,0.2,0.8
241,Justin Jackson,PF,DAL,58,929,10,0.498,0.486,0.141,3.1,12.7,8,7.2,0.6,0.9,3.5,15.8,0.7,0.6,1.3,0.066,-1.7,-1.2,-2.9,-0.2
242,Reggie Jackson,PG,TOT,23,556,15,0.533,0.44,0.167,3,10.2,6.6,28.7,0.9,0.8,12.7,24.5,0.6,0.3,0.9,0.077,1.8,-1.3,0.5,0.4
243,Justin James,SG,SAC,34,218,11.5,0.487,0.333,0.269,3,12.7,7.8,10.8,1.3,3.9,8.4,19,0,0.2,0.2,0.037,-1,0.2,-0.7,0.1
244,LeBron James,PG,LAL,60,2094,26,0.582,0.324,0.292,3.1,21,12.3,49.7,1.7,1.3,15.3,31.6,6.1,3.4,9.5,0.218,6.8,1.9,8.7,5.7
247,Ty Jerome,PG,PHO,28,315,8.1,0.437,0.443,0.132,2.1,12.6,7.2,18.8,2.1,0.8,13.8,17.6,-0.3,0.3,0,-0.002,-3.9,0,-3.8,-0.1
250,Cameron Johnson,PF,PHO,49,996,12.2,0.576,0.705,0.142,4.3,11.5,7.8,7.4,1.4,1.4,7.7,16,1.1,0.7,1.8,0.086,0.5,-0.7,-0.2,0.5
251,James Johnson,PF,TOT,32,619,14.8,0.572,0.423,0.223,4.3,16.3,10.3,18.4,1.9,4.6,16.9,19.4,0.4,0.8,1.2,0.089,-1.1,1.1,0,0.3
253,Stanley Johnson,PF,TOR,20,96,3.1,0.342,0.419,0.194,3.4,20.5,12.1,11,2,2,19.2,18.6,-0.3,0.2,-0.1,-0.068,-7.9,1.4,-6.5,-0.1
254,Tyler Johnson,SG,PHO,31,515,8.1,0.481,0.485,0.187,2.1,9.3,5.6,13.5,1.1,1.4,11.5,17.3,-0.2,0.3,0.1,0.011,-3,-0.7,-3.7,-0.2
255,Nikola Jokić,C,DEN,65,2101,25,0.604,0.233,0.277,8.2,26.9,17.6,34.3,1.8,1.9,15.7,26.6,6,3.2,9.2,0.209,5.4,2.3,7.6,5.1
256,Damian Jones,C,ATL,55,887,15.5,0.712,0.051,0.472,8.9,16.2,12.5,5.6,1.4,3.8,11.5,11.4,2.2,0.6,2.8,0.152,-1.6,0.1,-1.4,0.1
257,Derrick Jones Jr.,SF,MIA,51,1249,14.8,0.609,0.39,0.35,5.4,13.5,9.6,6.7,2.1,2.9,6.8,14.1,2.3,1.6,3.9,0.15,-0.4,1.1,0.8,0.9
258,Tyus Jones,PG,MEM,65,1232,15.7,0.532,0.289,0.135,0.8,7.9,4.4,31.7,2.2,0.4,10.8,17.2,2,1,3,0.115,0.4,0.1,0.6,0.8
259,DeAndre Jordan,C,BRK,56,1234,20,0.682,0,0.425,12.1,34.2,23.4,12.8,0.7,3.5,17.8,14.1,3,2.3,5.3,0.204,1.1,1.8,2.8,1.5
260,Cory Joseph,PG,SAC,64,1538,10.3,0.513,0.363,0.157,2.6,9.5,6,19.4,1.5,1.3,14,13,1.1,1,2.2,0.067,-2.1,0.3,-1.8,0.1
262,Frank Kaminsky,C,PHO,32,718,14.5,0.554,0.401,0.315,4.6,20.2,12.2,14.8,0.9,1.2,9.4,20.8,0.8,0.6,1.4,0.092,0.2,-0.3,-0.1,0.3
263,Enes Kanter,C,BOS,51,891,22,0.594,0.023,0.286,17.1,30.2,23.7,8.4,1.1,3.9,12.9,19.3,2.1,1.7,3.8,0.207,1.6,-0.1,1.5,0.8
264,Luke Kennard,SG,DET,28,922,14.4,0.589,0.535,0.219,1.1,11.1,6,19.2,0.6,0.5,10.3,19.8,1.6,0.3,1.9,0.1,1.1,-1.4,-0.3,0.4
266,Michael Kidd-Gilchrist,PF-SF,TOT,21,231,4.2,0.401,0.333,0.183,5.5,20.3,12.8,8.1,0.4,1.9,16.7,14.8,-0.3,0.2,-0.2,-0.037,-6.6,-0.9,-7.5,-0.3
268,Maxi Kleber,C,DAL,66,1695,13.8,0.603,0.614,0.172,6.2,15.5,11,6.2,0.6,3.9,8.7,13.9,2.9,1.7,4.6,0.131,0.5,0.2,0.6,1.1
269,Brandon Knight,PG,TOT,25,462,8.5,0.503,0.784,0.204,1,9.1,5,21.6,1.1,0.6,17.3,20.6,-0.2,0.1,-0.1,-0.01,-1.8,-2.7,-4.4,-0.3
270,Kevin Knox,SF,NYK,65,1166,8.4,0.47,0.496,0.252,2.5,14.7,8.4,7.4,1,2.3,9.2,17.8,-0.5,0.7,0.2,0.006,-3.1,-1.1,-4.2,-0.6
272,Furkan Korkmaz,SG,PHI,64,1398,11.7,0.571,0.617,0.14,1.3,10.4,5.8,7.3,1.3,0.9,8.7,18.5,1,1.3,2.3,0.079,-0.6,-0.9,-1.5,0.2
273,Luke Kornet,C,CHI,36,559,12.7,0.539,0.578,0.15,4.1,12.9,8.3,8.5,0.9,4.4,6.6,16.3,0.5,0.5,1.1,0.091,-0.9,-0.2,-1.1,0.1
274,Kyle Korver,SF,MIL,50,833,11.2,0.613,0.799,0.131,1.8,10.1,6.2,9.5,1.2,1.3,13.3,15.7,0.8,1.4,2.2,0.125,-0.5,0.7,0.2,0.5
275,Rodions Kurucs,PF,BRK,39,501,8.4,0.554,0.485,0.209,3.8,15.8,10,9.4,1.6,0.5,19.3,15.1,-0.1,0.6,0.5,0.048,-3.9,0.9,-2.9,-0.1
276,Kyle Kuzma,PF,LAL,54,1327,11.6,0.522,0.401,0.221,4,15.5,9.9,7.4,0.8,1.4,11.6,23.2,-0.2,1.6,1.4,0.052,-2.2,-1.3,-3.5,-0.5
277,Skal Labissière,C,POR,33,567,15.4,0.588,0.088,0.224,12.1,18.7,15.4,10.2,0.6,4.6,15.7,14.3,1,0.4,1.4,0.122,-1.5,0.3,-1.3,0.1
278,Jeremy Lamb,SG,IND,46,1291,14.1,0.547,0.33,0.23,2.1,14.9,8.5,10.5,2.1,1.5,8.7,19.7,0.9,1.8,2.7,0.099,-1.1,0.7,-0.4,0.5
279,Romeo Langford,SG,BOS,27,298,6,0.465,0.359,0.359,5.1,6.4,5.8,2.6,1.3,1.9,10.8,11.9,-0.1,0.3,0.2,0.039,-4.5,-0.1,-4.6,-0.2
280,Zach LaVine,SG,CHI,60,2085,19.5,0.568,0.404,0.279,2.1,13.8,7.7,21.7,2,1.3,13.3,31.7,1.8,2.2,4,0.092,3.3,-0.8,2.5,2.4
282,Jake Layman,PF,MIN,23,505,10.3,0.544,0.402,0.179,3.4,8.7,6,4.4,1.6,1.6,11.1,17.7,0,0.3,0.3,0.029,-2.7,-1,-3.7,-0.2
283,T.J. Leaf,PF,IND,25,193,13.8,0.485,0.203,0.174,12.1,24.4,18.3,4.3,2,1.4,8.6,18.5,0,0.3,0.4,0.088,-1.4,-0.1,-1.5,0
285,Courtney Lee,SG,DAL,24,345,10.9,0.629,0.573,0.085,2.2,7.4,4.9,4.7,2.5,1.5,11.4,11.9,0.3,0.4,0.7,0.098,-2.1,1.6,-0.5,0.1
286,Damion Lee,SG,GSW,49,1423,12.7,0.548,0.468,0.247,2.4,16.3,9.1,14.4,1.7,0.4,10.6,19,0.9,0.8,1.7,0.058,-1.5,-0.8,-2.3,-0.1
287,Alex Len,C,TOT,49,895,18,0.596,0.185,0.301,11.4,24.5,17.9,8.1,1.2,4.5,12.8,18.3,1.4,0.9,2.3,0.122,-0.2,-0.2,-0.5,0.3
288,Kawhi Leonard,SF,LAC,51,1643,26.7,0.585,0.287,0.344,3.3,19.7,11.7,27,2.6,1.7,10.7,33.2,4.6,3,7.6,0.222,6.5,2.5,9,4.6
289,Meyers Leonard,C,MIA,49,987,11.1,0.64,0.534,0.117,3.2,24.1,14.1,7.7,0.6,1.5,13,12,1,1.1,2.1,0.104,-1,0.4,-0.6,0.3
290,Caris LeVert,SG,BRK,39,1131,15.1,0.509,0.31,0.264,3.7,10.6,7.2,23.5,1.8,0.5,12.6,28.8,-0.1,1.2,1.2,0.05,0.1,-0.7,-0.6,0.4
291,Damian Lillard,PG,POR,58,2140,26.2,0.619,0.493,0.377,1.5,10.5,6.1,34.1,1.3,0.8,11,30.2,8.9,0.7,9.6,0.215,7.9,-0.7,7.2,5
292,Nassir Little,PF,POR,48,573,9.7,0.505,0.391,0.291,5.7,13.7,9.8,5.1,1.1,2.1,8.1,13.7,0.3,0.3,0.6,0.05,-2.9,-0.6,-3.5,-0.2
293,Kevon Looney,C,GSW,20,262,9.4,0.403,0.177,0.152,11.2,16.3,13.6,11.1,2.2,2.1,12.5,15.7,-0.2,0.2,0,0.005,-4.8,-0.8,-5.5,-0.2
294,Brook Lopez,C,MIL,61,1622,14,0.537,0.497,0.212,2.7,13.2,8.3,7.8,1.2,8,9.2,17.5,0.8,3.9,4.6,0.137,-1.1,2.8,1.8,1.5
295,Robin Lopez,C,MIL,60,862,11.1,0.565,0.352,0.158,6.3,10.2,8.4,6.4,0.5,4.1,15.6,16.6,0.2,1.5,1.7,0.095,-2.4,0.5,-1.9,0
296,Kevin Love,PF,CLE,56,1780,17.9,0.599,0.536,0.301,3.3,31.1,17.1,15.4,0.9,0.9,14.5,23.1,2.5,1.2,3.8,0.102,2.6,-0.6,2.1,1.8
297,Kyle Lowry,PG,TOR,52,1901,17.9,0.589,0.583,0.399,1.7,12,7,31,1.8,1.1,15,23.1,4.1,2.8,6.9,0.173,2.5,0.7,3.2,2.5
298,Timothé Luwawu-Cabarrot,SG,BRK,39,671,8.9,0.563,0.568,0.323,3.8,10,7,5.3,1.1,0.7,12.7,15.7,0.4,0.6,1,0.069,-3,-0.2,-3.2,-0.2
299,Trey Lyles,PF,SAS,63,1271,12.7,0.557,0.49,0.131,6,24.6,15.3,7.3,1.1,1.9,9.7,13.7,1.2,1,2.2,0.081,-0.5,-0.7,-1.2,0.2
303,Ian Mahinmi,C,WAS,38,808,14.1,0.545,0.124,0.538,10.2,19.8,14.8,8.2,1.8,4.7,14.8,15.7,0.7,0.7,1.4,0.082,-2.7,0,-2.7,-0.2
304,Thon Maker,C,DET,60,776,13.7,0.582,0.332,0.57,7.8,16.7,12.2,8,1.6,4.2,15.7,16.1,0.7,0.8,1.5,0.096,-2,0.7,-1.4,0.1
305,Terance Mann,SG,LAC,35,271,7.1,0.472,0.222,0.222,1.6,10.8,6.3,17.9,1.4,1.6,19.1,11.2,0,0.3,0.3,0.057,-4.7,1.2,-3.5,-0.1
306,Boban Marjanović,C,DAL,37,337,24.5,0.599,0.087,0.272,16.8,30.5,23.7,6.7,1,1.8,11.8,27.9,0.8,0.5,1.3,0.184,1.7,-1.7,0,0.2
307,Lauri Markkanen,PF,CHI,50,1492,14.3,0.56,0.536,0.259,4.2,19.7,11.6,7.6,1.4,1.5,11,21.1,1.1,1.6,2.6,0.084,0.2,-0.8,-0.5,0.5
309,Cody Martin,SF,CHO,48,903,10.5,0.505,0.372,0.314,4.4,15.1,9.6,15.7,2.2,0.9,15.7,13.6,0.2,0.8,1,0.052,-3.1,1,-2.1,0
311,Kelan Martin,SF,MIN,31,495,9.2,0.506,0.53,0.171,2.5,18.6,10.2,6.8,0.7,1.5,9.3,17.8,-0.1,0.3,0.2,0.023,-3.3,-1,-4.3,-0.3
314,Wesley Matthews,SG,MIL,62,1529,8.4,0.545,0.691,0.157,1.4,8.5,5.2,7.4,1.1,0.5,8.7,12.7,0.8,2.4,3.1,0.099,-2.5,0.8,-1.7,0.1
315,Patrick McCaw,SF,TOR,37,908,7.3,0.5,0.438,0.111,2.3,7.6,5,11.4,2,0.4,14.6,9.4,0.2,1.2,1.4,0.073,-3.6,1.8,-1.8,0
316,CJ McCollum,SG,POR,62,2229,17.4,0.543,0.378,0.135,1.9,9.7,5.9,19.3,1,1.5,8.3,26.7,3.1,0.6,3.7,0.079,2.5,-1.7,0.9,1.6
317,T.J. McConnell,PG,IND,63,1188,16.2,0.541,0.041,0.099,3,12.1,7.6,37.2,1.8,0.8,18.5,17.2,1.6,1.4,2.9,0.119,0.1,0.2,0.3,0.7
319,Doug McDermott,PF,IND,62,1242,14.3,0.626,0.54,0.106,2.1,11.7,6.9,8.3,0.4,0.3,7.2,19.6,2.1,0.9,3,0.115,1.5,-1.5,0,0.6
320,JaVale McGee,C,LAL,61,1023,20,0.655,0.021,0.265,12.1,25.2,18.8,4.7,1.4,7.9,12.9,15,2.2,2.3,4.5,0.211,-0.3,2.3,2.1,1.1
321,Rodney McGruder,SG,LAC,50,749,6.5,0.472,0.506,0.179,3.7,13.7,8.8,5.1,1.4,0.9,11.1,10.5,-0.1,1,0.8,0.054,-3.8,0.8,-3,-0.2
322,Alfonzo McKinnie,SF,CLE,40,593,8.7,0.493,0.38,0.181,6.9,14.4,10.6,3.3,1.9,1.2,12.3,15.2,-0.2,0.3,0.2,0.014,-4.4,-0.9,-5.3,-0.5
323,Jordan McLaughlin,PG,MIN,30,590,16.3,0.587,0.427,0.219,1.2,7.8,4.4,31,2.7,0.6,13.7,15.8,1.2,0.4,1.6,0.13,0.4,-0.1,0.3,0.3
324,Ben McLemore,SG,HOU,63,1437,11.7,0.622,0.83,0.132,1.5,8.7,5.1,5.3,1.2,0.7,8.5,15.6,2.1,0.9,3,0.1,0,-0.7,-0.7,0.5
325,Jordan McRae,SG,TOT,37,784,14.2,0.515,0.344,0.298,2.4,15.4,8.7,17.7,1.3,1.8,9.4,24.4,0.4,0.3,0.7,0.043,0,-1.6,-1.5,0.1
326,Nicolò Melli,C,NOP,52,889,12.3,0.583,0.647,0.216,4.4,14.3,9.3,10.2,1.6,1.8,12.1,15.9,1,0.8,1.8,0.095,-0.9,0.3,-0.6,0.3
327,De'Anthony Melton,PG,MEM,52,1011,14.6,0.525,0.331,0.3,3.9,15.9,10,20.9,3,1.5,16.3,19.6,0.4,1.4,1.8,0.086,-1.6,1.8,0.3,0.6
329,Khris Middleton,SF,MIL,55,1653,21.4,0.619,0.374,0.231,2.5,17,10.2,21,1.4,0.4,10.8,26.2,4.3,3.1,7.4,0.214,3.4,0.9,4.4,2.7
332,Malcolm Miller,SF,TOR,25,125,4.7,0.432,0.792,0.25,0.9,10.8,5.9,8.3,1.5,1.5,10.1,10.1,-0.1,0.2,0.1,0.037,-4.3,1.4,-2.9,0
333,Patty Mills,PG,SAS,63,1430,14.7,0.589,0.675,0.188,1.4,6,3.7,11.3,1.7,0.4,7.6,20.5,2.1,0.5,2.6,0.086,1.1,-1.2,-0.1,0.7
334,Paul Millsap,PF,DEN,44,1075,17.7,0.598,0.282,0.326,9,17.9,13.5,9.5,1.7,2.4,12.1,20.3,2,1.4,3.4,0.151,0.6,0,0.6,0.7
335,Shake Milton,SG,PHI,32,611,15.2,0.633,0.488,0.235,2,10.3,6.1,17.4,1.5,0.8,13.7,19.6,1.1,0.6,1.7,0.134,0.3,-0.6,-0.3,0.3
336,Donovan Mitchell,SG,UTA,63,2165,19.1,0.56,0.347,0.235,2.3,11.2,7,21.2,1.5,0.5,10.9,31,3,2.2,5.2,0.115,2.4,-0.5,1.9,2.1
339,Malik Monk,SG,CHO,55,1169,12.7,0.53,0.418,0.205,2.4,12.6,7.3,16.6,1.1,1.3,12.6,22.9,0.1,0.6,0.7,0.028,-1,-1.3,-2.3,-0.1
341,E'Twaun Moore,SG,NOP,51,958,11.1,0.509,0.39,0.105,3.2,10.4,6.8,10.9,1.4,0.9,8.1,19.9,0.2,0.6,0.8,0.042,-2,-1,-2.9,-0.2
342,Ja Morant,PG,MEM,59,1771,18,0.568,0.174,0.331,2.7,9.5,6.2,34.6,1.4,0.7,17.2,26,2.2,1.2,3.4,0.093,1.6,-1.3,0.4,1.1
344,Marcus Morris,SF-PF,TOT,55,1727,14.8,0.567,0.432,0.279,3.3,14.2,8.6,6.9,1.2,1.4,9.5,22.8,2,1.2,3.2,0.088,0.9,-0.8,0.1,0.9
345,Markieff Morris,PF,TOT,52,1106,12.4,0.568,0.494,0.195,3.4,17,10.2,10.4,1.2,1.2,14,21.1,0.4,0.8,1.2,0.053,-1.2,-0.9,-2.1,0
346,Monte Morris,PG,DEN,65,1402,14.9,0.537,0.298,0.128,1.6,7.3,4.4,23.3,1.9,1.1,8.1,17.2,2.2,1.2,3.4,0.117,0.2,-0.1,0.1,0.8
348,Emmanuel Mudiay,PG,UTA,48,752,13.7,0.55,0.263,0.239,2.6,13.7,8.4,21.8,1.2,1.1,16.9,22.4,0.3,0.8,1.1,0.071,-1.2,0.1,-1.1,0.2
350,Dejounte Murray,PG,SAS,58,1447,17.1,0.535,0.168,0.175,5,20,12.5,23.7,3.3,1,15.7,20.6,0.9,1.7,2.6,0.087,-0.5,1.5,1,1.1
351,Jamal Murray,PG,DEN,55,1804,17.5,0.559,0.359,0.209,2.6,10.8,6.7,22.7,1.8,0.8,11.8,25.2,2.5,1.6,4.2,0.111,1.8,-0.7,1.1,1.4
352,Džanan Musa,SF,BRK,35,404,8.4,0.467,0.468,0.317,5,12.9,9,11,1.5,0.2,15.5,19.4,-0.4,0.4,0,0.006,-4.1,-0.7,-4.8,-0.3
353,Mike Muscala,C,OKC,41,492,12.2,0.56,0.755,0.138,3,17.7,10.6,9.8,0.8,1.9,7.7,16.4,0.5,0.5,1,0.102,-0.1,-0.1,-0.2,0.2
354,Sviatoslav Mykhailiuk,SF,DET,56,1265,11.2,0.578,0.704,0.173,1.5,7.9,4.7,12.3,1.6,0.3,12.3,17.1,1,0.6,1.6,0.06,-0.7,-1.2,-1.8,0
355,Abdel Nader,SF,OKC,48,756,11.2,0.58,0.477,0.282,2.1,10.8,6.6,6.6,1.3,2.3,12.7,16.5,0.4,0.7,1.1,0.072,-1.1,0.2,-0.8,0.2
356,Larry Nance Jr.,C,CLE,56,1472,17.3,0.608,0.369,0.172,7.9,23.1,15.4,12.3,1.9,1.3,11.5,15.2,2.8,1.1,3.9,0.128,1.4,0.3,1.8,1.4
357,Shabazz Napier,PG,TOT,51,1234,14.5,0.555,0.538,0.341,2.1,10.8,6.3,29.1,2.5,0.6,18.9,19.6,1.1,0.8,1.9,0.075,-0.3,-0.2,-0.5,0.5
358,Raul Neto,PG,PHI,49,565,11.5,0.562,0.406,0.177,2.1,8,5.1,19.3,1.9,0.8,18.2,17.6,0.2,0.6,0.8,0.071,-1.8,-0.1,-1.9,0
360,Georges Niang,PF,UTA,58,772,12.4,0.612,0.698,0.083,1.8,13.2,7.7,6.7,0.8,0.5,8.6,17.1,1,0.7,1.7,0.105,0.9,-0.4,0.5,0.5
361,Nerlens Noel,C,OKC,55,1014,21.7,0.714,0.012,0.386,9.3,20,14.8,7.9,2.7,6.9,15.4,15.3,2.7,2.1,4.8,0.225,0.5,3.4,4,1.5
364,Frank Ntilikina,PG,NYK,57,1187,9.8,0.497,0.411,0.177,2,9.1,5.4,20.2,2.2,1.3,16.5,15.4,0.1,0.8,0.9,0.037,-3.6,0.4,-3.2,-0.4
365,Kendrick Nunn,SG,MIA,62,1846,13.5,0.545,0.426,0.108,1.2,8.7,5.1,18.7,1.4,0.6,10.2,23.7,1,1.4,2.4,0.064,-0.7,-1.3,-2,0
366,David Nwaba,SF,BRK,20,268,14,0.627,0.394,0.38,3.2,13.9,8.6,4.4,1.9,3.7,8.8,14.2,0.4,0.4,0.8,0.142,-1.1,2,1,0.2
367,Royce O'Neale,PF,UTA,64,1862,9.3,0.584,0.657,0.153,1.4,17.8,10,11.5,1.2,1.3,12.7,9.3,1.8,2.2,4,0.104,-1.3,2.1,0.8,1.3
368,Kyle O'Quinn,C,PHI,26,258,18.1,0.541,0.319,0.264,13.7,28.3,21,19.1,0.9,7.3,18.3,16.5,0.3,0.5,0.8,0.155,-0.7,2.2,1.5,0.2
369,Semi Ojeleye,PF,BOS,61,891,7.6,0.557,0.616,0.176,2.9,11.9,7.5,4.5,1,0.5,6.5,8.8,0.8,0.9,1.7,0.091,-2.1,0.5,-1.6,0.1
370,Jahlil Okafor,C,NOP,28,424,17.8,0.631,0.014,0.403,11.4,18.2,14.8,12.6,0.8,3.7,17.5,19.8,0.7,0.4,1.1,0.129,-0.8,0.6,-0.2,0.2
371,Elie Okobo,PG,PHO,54,707,10.5,0.511,0.392,0.37,2.5,11.6,6.9,21.5,1.6,0.5,15.3,14.9,0.4,0.5,0.9,0.059,-2,-0.1,-2.1,0
372,Josh Okogie,SG,MIN,62,1547,11.5,0.553,0.387,0.48,5.7,12.8,9.1,8.9,2,1.4,15.3,15.1,1,1.2,2.2,0.067,-2.4,0,-2.4,-0.1
375,Kelly Olynyk,C,MIA,59,1089,14.7,0.64,0.584,0.259,4,22,13.4,13.2,1.7,1.6,15.1,16.9,1.7,1.5,3.2,0.14,0.1,1,1.1,0.8
377,Cedi Osman,SF,CLE,65,1910,10.7,0.552,0.527,0.154,2.2,11.3,6.7,11.6,1.4,0.7,12.3,16.6,1.1,0.5,1.6,0.04,-1.6,-0.9,-2.6,-0.3
378,Kelly Oubre Jr.,SF,PHO,56,1933,14.9,0.56,0.372,0.298,3.8,17.3,10.4,6.7,1.7,1.8,8.2,22.4,1.7,1.9,3.6,0.09,-0.3,-0.4,-0.6,0.7
381,Jabari Parker,PF,TOT,33,852,17,0.561,0.291,0.185,6.7,18.1,12.3,11.7,2.3,1.5,12.2,24,0.5,0.7,1.2,0.066,0.2,-0.4,-0.1,0.4
383,Eric Paschall,PF,GSW,60,1654,14.5,0.571,0.202,0.331,5.2,13.1,9,12.7,0.9,0.7,11.4,21.4,1.6,0.5,2.1,0.062,-0.7,-2,-2.7,-0.3
384,Anžejs Pasečņiks,C,WAS,24,405,11.6,0.555,0.019,0.509,10.2,16.9,13.4,5.7,0.9,2.6,14.5,15.6,0.3,0.2,0.5,0.056,-3.8,-1.6,-5.4,-0.3
385,Patrick Patterson,PF,LAC,51,607,11.7,0.576,0.755,0.181,5.2,15.1,10.3,6.9,0.5,0.4,8.1,15.1,0.9,0.6,1.5,0.118,0.9,-0.5,0.4,0.4
387,Chris Paul,PG,OKC,63,2003,21.7,0.609,0.347,0.311,1.2,15.5,8.6,33.4,2.4,0.4,13,23.2,5.5,2.5,8.1,0.194,3.1,1.2,4.3,3.2
388,Elfrid Payton,PG,NYK,45,1246,16,0.47,0.157,0.195,4.3,14.1,9.1,38.6,2.7,1.3,16.7,19.5,0.5,1.2,1.7,0.065,-0.3,0.3,0,0.6
389,Gary Payton II,PG,WAS,29,432,11.3,0.473,0.397,0.069,6.3,14.3,10.2,14.7,3.6,1.4,14.3,13.4,0.1,0.4,0.4,0.049,-3.1,1.5,-1.6,0
390,Norvel Pelle,C,PHI,20,178,11.2,0.521,0,0.343,9.9,27.3,18.6,5.3,0.3,12,24.4,12.9,-0.1,0.4,0.3,0.082,-7.1,3.1,-4.1,-0.1
391,Theo Pinson,SG,BRK,33,365,5.2,0.37,0.516,0.103,2.9,12.1,7.6,22,2.2,0.9,16.9,22.4,-1,0.5,-0.6,-0.074,-6.9,-0.2,-7.1,-0.5
392,Mason Plumlee,C,DEN,53,900,19.1,0.615,0.016,0.556,11,23.9,17.4,20,1.6,3.4,18.9,18.4,1.7,1.3,3,0.162,0.2,2,2.2,1
393,Jakob Poeltl,C,SAS,58,965,19.6,0.611,0,0.339,11.6,23,17.3,14.6,1.5,7.7,15.2,13.3,2,1.3,3.3,0.165,0.8,2.3,3.1,1.2
394,Vincent Poirier,C,BOS,21,114,12.8,0.54,0.061,0.212,9.5,22.4,16,8.6,0.8,4.9,14.3,15.8,0.1,0.2,0.3,0.124,-4.5,0.7,-3.8,-0.1
396,Jordan Poole,SG,GSW,57,1274,7.2,0.454,0.528,0.237,0.7,9.6,5,15.8,1.3,0.7,11.8,21.1,-1.6,0.4,-1.2,-0.047,-4.4,-2.2,-6.6,-1.5
397,Kevin Porter Jr.,SF,CLE,50,1162,10.8,0.535,0.375,0.24,2.1,13.5,7.7,13.9,1.9,1,16.7,20.5,-0.3,0.6,0.3,0.011,-3.2,-0.6,-3.7,-0.5
398,Michael Porter Jr.,PF,DEN,48,670,18.5,0.589,0.358,0.151,8.8,24.3,16.5,8,1.5,2.6,10.3,22,1,0.9,2,0.141,1.4,-0.7,0.8,0.5
400,Bobby Portis,C,NYK,66,1393,14.6,0.53,0.317,0.158,6,20.4,12.9,11.1,1.1,1.2,10.4,21.4,0.9,1,1.9,0.064,0.1,-1.1,-1,0.3
401,Kristaps Porziņģis,PF,DAL,51,1597,19.3,0.54,0.447,0.282,5.9,25.3,15.8,8.6,1.1,5.6,8.5,26.6,1.7,2.6,4.3,0.129,1.2,0.3,1.5,1.4
402,Dwight Powell,C,DAL,40,1061,16,0.677,0.17,0.485,7.5,14.7,11.2,7.7,1.6,1.8,11.5,12.7,2.6,1.1,3.7,0.169,0.4,1,1.4,0.9
403,Norman Powell,SG,TOR,44,1269,17.4,0.629,0.457,0.252,2,11.2,6.7,9.7,2.1,1.3,10,21.5,2.2,1.9,4.2,0.157,1.4,0.9,2.3,1.4
405,Julius Randle,PF,NYK,64,2080,17.5,0.538,0.23,0.35,7.5,24.9,16,15.8,1.2,1,14.3,27.6,1,1.7,2.7,0.062,0.7,-1,-0.3,0.9
407,Cam Reddish,SF,ATL,58,1551,9,0.5,0.451,0.227,2.4,12.7,7.5,8,1.9,1.5,13.6,18.9,-1.2,0.8,-0.4,-0.011,-3.2,-1,-4.2,-0.9
408,J.J. Redick,SG,NOP,54,1425,15.1,0.639,0.618,0.292,0.7,9.7,5.2,10.8,0.6,0.5,9.4,19.9,3.2,0.6,3.7,0.125,2,-1.6,0.4,0.9
409,Naz Reid,C,MIN,30,495,15.3,0.505,0.399,0.218,7,19.9,13.2,11.2,1.8,3.7,7.6,24,0.2,0.6,0.8,0.074,-1.6,-0.3,-1.9,0
410,Josh Richardson,SG,PHI,48,1474,12.1,0.526,0.373,0.223,2.8,9.4,6.1,14.8,1.5,2,12.6,21.1,0.3,1.6,1.9,0.062,-1.5,-0.2,-1.7,0.1
411,Austin Rivers,SG,HOU,60,1402,10.3,0.538,0.537,0.208,1.9,8.8,5.3,9.5,1.4,0.6,6.9,14.9,1.3,1,2.2,0.077,-1.9,-0.4,-2.3,-0.1
412,Duncan Robinson,SF,MIA,65,1949,12.8,0.678,0.886,0.086,0.5,11.2,6.1,7,0.9,0.8,8.6,15.8,3.2,1.5,4.7,0.116,1.2,-0.9,0.3,1.1
413,Glenn Robinson III,SF,TOT,60,1743,13.4,0.576,0.33,0.144,4.7,11.7,8.1,8.6,1.5,0.8,7.9,16.4,2,0.8,2.8,0.077,-0.5,-1.1,-1.6,0.2
414,Jerome Robinson,SG,TOT,55,748,6,0.439,0.481,0.134,1.3,13.8,7.5,11.4,1.4,1.6,12.9,14.6,-0.7,0.7,0,0.003,-4.6,0.1,-4.5,-0.5
416,Mitchell Robinson,C,NYK,61,1412,23.5,0.726,0,0.434,13.7,18.8,16.2,3.9,1.8,8,8.3,13.3,4.8,2,6.8,0.23,1.6,1.3,3,1.8
418,Rajon Rondo,PG,LAL,48,984,12.4,0.494,0.381,0.125,2.6,12.9,7.9,32.4,1.9,0.2,20.8,18.7,0.2,1.3,1.5,0.073,-1.1,0,-1.2,0.2
419,Derrick Rose,PG,DET,50,1298,21.1,0.555,0.195,0.185,2.3,8.3,5.3,40.5,1.5,1,13.4,31.6,1.9,0.6,2.5,0.093,4,-1.7,2.2,1.4
420,Terrence Ross,SG,ORL,63,1723,14.2,0.548,0.584,0.207,0.8,12.3,6.3,6.8,2,1.2,6.8,22.8,1,1.8,2.9,0.08,0,-0.3,-0.4,0.7
421,Terry Rozier,PG,CHO,63,2164,14.9,0.553,0.45,0.202,2.4,11.8,7,20.4,1.4,0.4,12.1,23.7,1.9,1.1,3,0.067,0.8,-1.3,-0.4,0.8
422,Ricky Rubio,PG,PHO,57,1802,16.3,0.531,0.308,0.334,2.5,14,8.2,39.9,2.3,0.4,18.1,20.2,2.4,1.7,4.1,0.109,0.5,0.2,0.7,1.2
423,D'Angelo Russell,PG,TOT,45,1452,18.7,0.556,0.509,0.235,1.2,12.3,6.6,35.2,1.6,0.8,13.6,31.5,1.1,0.7,1.8,0.06,3.8,-1.9,1.9,1.4
424,Domantas Sabonis,C,IND,62,2159,20.7,0.586,0.079,0.349,9.7,29.5,19.7,21.7,1.1,1.2,14.8,23.4,4.2,3.3,7.6,0.168,2.1,1.1,3.2,2.9
426,JaKarr Sampson,SF,IND,26,340,11.8,0.607,0.16,0.247,4.9,14.2,9.6,3.6,1.3,2.3,7.2,12.5,0.4,0.4,0.8,0.117,-2.7,0.8,-1.8,0
427,Dario Šarić,PF,PHO,58,1441,13.3,0.572,0.455,0.202,6.7,20.2,13.3,10.9,1.1,0.9,12.3,17.2,1.5,1.2,2.7,0.091,-0.5,-0.4,-0.9,0.4
428,Tomáš Satoranský,PG,CHI,65,1878,13.5,0.533,0.361,0.22,4.3,11,7.5,27.1,2.1,0.4,17.7,16.7,1.8,1.7,3.5,0.09,-1,-0.2,-1.2,0.4
429,Admiral Schofield,SF,WAS,27,293,6.8,0.514,0.627,0.173,2.2,10.9,6.4,6.2,1.3,0.9,8,12.5,0.1,0,0.1,0.02,-4.2,-1.1,-5.3,-0.2
430,Dennis Schröder,PG,OKC,63,1952,16.8,0.573,0.339,0.243,1.1,11.8,6.6,21.6,1.1,0.6,13.2,27.2,1.9,1.6,3.5,0.086,1.1,-1.2,-0.1,1
431,Mike Scott,PF,PHI,63,1119,10.2,0.539,0.639,0.094,5.7,16.5,11.1,5.9,0.8,0.4,6.7,13.8,1,1.1,2.1,0.089,-1.2,-1.1,-2.3,-0.1
432,Thabo Sefolosha,PF,HOU,41,436,9.5,0.487,0.593,0.088,5,17.4,11.2,7.5,2.6,2.4,13.7,10.4,0.1,0.6,0.7,0.073,-2.7,1.6,-1.1,0.1
433,Collin Sexton,SG,CLE,65,2143,16.3,0.56,0.235,0.246,3.1,7.5,5.3,15.1,1.5,0.3,11.6,27.2,2.2,0.3,2.5,0.057,0.3,-2.1,-1.8,0.1
434,Landry Shamet,SG,LAC,47,1294,9.2,0.599,0.764,0.179,0.5,6.5,3.6,9,0.7,0.6,8.7,13.3,1.7,1,2.7,0.1,-1.4,-0.2,-1.6,0.1
437,Pascal Siakam,PF,TOR,53,1882,18.7,0.559,0.32,0.275,3.3,18.8,11.2,17,1.3,2.5,10.5,28.5,2,3.2,5.2,0.133,1.7,0.5,2.2,2
438,Chris Silva,PF,MIA,41,307,17.2,0.663,0.029,0.71,20.6,19.3,19.9,10.2,1.4,5.8,25.5,17.5,0.7,0.5,1.1,0.178,-3.4,0.9,-2.5,0
439,Ben Simmons,PG,PHI,54,1930,20.8,0.608,0.01,0.46,6.2,18,12.1,34.8,2.9,1.4,20.6,20.9,3.8,3.2,7,0.174,1.4,2.4,3.9,2.9
440,Anfernee Simons,SG,POR,65,1400,9.3,0.506,0.417,0.175,1.9,8.9,5.4,9.4,0.9,0.6,9.7,19,0.1,0.2,0.3,0.01,-2.5,-1.8,-4.4,-0.8
442,Marcus Smart,SG,BOS,53,1721,14,0.519,0.582,0.201,2.5,10.1,6.4,21,2.4,1.5,11.5,19.3,1.7,2.4,4.1,0.115,0.2,1.3,1.6,1.5
443,Dennis Smith Jr.,PG,NYK,34,537,7.5,0.399,0.256,0.251,4.1,11.7,7.7,26.4,2.5,1.4,19.8,23.1,-1.3,0.5,-0.9,-0.079,-5.2,-0.9,-6.1,-0.6
444,Ish Smith,PG,WAS,60,1570,13.8,0.512,0.258,0.12,1.9,11.7,6.6,25.9,1.5,1.3,11.2,18.3,1.3,0.4,1.7,0.053,-0.3,-1.1,-1.4,0.2
446,Tony Snell,SF,DET,59,1641,9.7,0.598,0.665,0.084,0.6,7.1,3.8,10.9,1,0.8,7.3,11.4,2.1,0.5,2.6,0.076,-1.1,-0.6,-1.8,0.1
447,Omari Spellman,PF,GSW,49,886,14.4,0.551,0.373,0.312,9.1,18,13.4,8.1,1.8,2.4,13.9,18.8,0.5,0.7,1.2,0.065,-0.7,-1,-1.7,0.1
449,Edmond Sumner,PG,IND,25,345,10,0.485,0.342,0.135,3.2,8.6,5.9,15.4,2.1,2,13.9,17.4,-0.1,0.4,0.3,0.039,-3.6,0.4,-3.1,-0.1
450,Caleb Swanigan,PF,TOT,27,288,7.6,0.597,0.043,0.362,9.9,26.1,18.1,14,0.5,2.1,40.4,13.5,-0.2,0.2,0,0.007,-6.3,0.2,-6,-0.3
451,Jayson Tatum,PF,BOS,59,2043,20.3,0.562,0.377,0.251,3,18.8,11,14,2,2.4,9.7,28.6,2.9,3.4,6.2,0.147,3.3,0.6,3.9,3
452,Jeff Teague,PG,TOT,59,1464,14.6,0.557,0.239,0.403,1.9,8.6,5.2,30.7,1.4,1.1,16.8,19.5,1.9,0.6,2.5,0.082,-0.2,-1.3,-1.5,0.2
453,Garrett Temple,SG,BRK,55,1547,10.3,0.507,0.66,0.139,1.9,10.5,6.3,13.1,1.3,1.4,9.3,16.6,0.5,1.6,2.1,0.065,-1.5,0.4,-1.1,0.4
454,Daniel Theis,C,BOS,58,1382,18.2,0.629,0.212,0.277,10.2,19.2,14.7,9.9,1.2,5,10.1,14.7,3.6,2.3,5.9,0.205,0.4,1.8,2.3,1.5
455,Isaiah Thomas,PG,WAS,40,925,11.6,0.531,0.444,0.178,1.3,7,4,23.2,0.7,0.6,14.4,24.1,0.2,-0.1,0,0.001,-0.5,-3.9,-4.4,-0.6
457,Matt Thomas,SG,TOR,33,321,13.6,0.65,0.676,0.09,2.4,13.2,7.9,7.9,1.2,0,9.4,17,0.5,0.4,0.9,0.137,1,0.4,1.4,0.3
458,Tristan Thompson,C,CLE,57,1721,16.8,0.54,0.041,0.286,14.5,22.9,18.6,10.5,0.9,2.5,14,18.3,2,1.1,3.1,0.085,-0.2,-1.3,-1.5,0.2
459,Matisse Thybulle,SG,PHI,57,1110,9.8,0.53,0.607,0.175,3.5,5.1,4.3,8.3,3.5,3.1,15.1,11.6,0.1,1.8,1.9,0.084,-3,3.1,0.1,0.6
460,Anthony Tolliver,PF,TOT,47,732,6.6,0.497,0.781,0.161,4.3,14.5,9.5,5.7,1,1.3,15.3,11.4,-0.1,0.4,0.3,0.018,-3.1,-0.7,-3.8,-0.3
462,Karl-Anthony Towns,C,MIN,35,1187,26.5,0.642,0.445,0.363,8.1,26.1,16.8,22.8,1.3,2.9,13.2,28.8,3.8,1.3,5.1,0.205,7,0.8,7.8,2.9
463,Gary Trent Jr.,SG,POR,53,1059,11.8,0.555,0.574,0.103,2,6.6,4.3,6.5,1.8,1,4.9,15.4,1.2,0.4,1.6,0.071,-0.5,-0.6,-1.1,0.3
464,Allonzo Trier,PG,NYK,24,291,14.5,0.62,0.5,0.406,2.1,8.7,5.3,14.8,0.5,1.3,15,21.4,0.5,0.1,0.5,0.087,1,-1.5,-0.5,0.1
465,P.J. Tucker,PF,HOU,64,2203,8.7,0.58,0.687,0.118,4.8,16.2,10.5,5.9,1.5,1.2,14.6,8.6,1.8,2.2,3.9,0.086,-2.2,0.6,-1.6,0.2
468,Myles Turner,C,IND,55,1628,14.7,0.561,0.443,0.279,4.8,19.5,12.2,5.1,1.3,6.5,10.5,17.5,1,2.8,3.7,0.111,-0.9,1.1,0.2,0.9
470,Jonas Valančiūnas,C,MEM,62,1630,22.3,0.631,0.12,0.256,12.5,31.9,22.4,10.2,0.7,3.7,12.8,21.4,3.8,2.4,6.2,0.182,2.2,0,2.3,1.8
471,Denzel Valentine,SF,CHI,36,488,13,0.511,0.578,0.034,1.9,15.5,8.4,14.2,2.6,1.2,9.8,23.3,-0.1,0.6,0.5,0.048,-0.7,0.2,-0.5,0.2
473,Fred VanVleet,PG,TOR,48,1719,16,0.546,0.482,0.237,1.1,9.7,5.5,27.4,2.5,0.7,12.4,22,2.2,2.7,4.9,0.136,1,1.3,2.3,1.8
475,Noah Vonleh,C-PF,TOT,33,364,15.6,0.621,0.169,0.337,10.4,25.9,17.9,10.7,1.4,1.4,17,14,0.6,0.4,1,0.126,-1.2,0.3,-0.8,0.1
476,Nikola Vučević,C,ORL,54,1763,21.6,0.54,0.274,0.16,7.6,29.4,18.1,20,1.3,2.4,7.3,25.8,2.9,2.6,5.5,0.15,3.4,0.6,4,2.7
478,Moritz Wagner,C,WAS,37,707,16.6,0.666,0.294,0.36,7.6,22.8,14.9,10.1,1.5,2.1,17.2,18.8,1.3,0.5,1.8,0.122,-1.2,-0.3,-1.6,0.1
480,Kemba Walker,PG,BOS,50,1592,20.2,0.569,0.526,0.27,2.2,11.4,6.9,24.6,1.4,1.5,10.3,27.8,3.5,1.9,5.4,0.163,5,-0.2,4.7,2.7
481,Lonnie Walker,SG,SAS,53,767,11,0.515,0.266,0.199,2.8,13.4,8.1,8.4,1.8,1.5,9.6,18.2,0,0.5,0.5,0.028,-2.5,-0.7,-3.2,-0.2
483,Taurean Prince,SF,BRK,64,1857,9.2,0.497,0.583,0.12,2.8,17.9,10.6,9.3,1.5,1.1,14,20.4,-1.7,2.4,0.7,0.019,-2.9,-0.1,-3,-0.5
484,Derrick Walton,PG,TOT,26,248,8.7,0.617,0.615,0.231,0.9,5.7,3.4,13.9,1.4,0,10.4,8.1,0.4,0.2,0.6,0.112,-2.3,1.3,-1.1,0.1
485,Brad Wanamaker,PG,BOS,63,1215,11.8,0.56,0.283,0.365,1.7,9.2,5.5,17.6,2.1,0.9,15.9,15.4,1.2,1.5,2.7,0.108,-2.5,1.2,-1.3,0.2
486,T.J. Warren,SF,IND,61,1984,17.2,0.599,0.212,0.214,3.4,10,6.7,6.8,1.7,1.2,7.5,22.8,3.1,2.2,5.3,0.129,0.4,-0.2,0.2,1.1
487,P.J. Washington,PF,CHO,58,1759,12.4,0.547,0.39,0.231,3.5,16.6,9.8,11.3,1.5,2.3,12.5,18.6,0.5,1.4,2,0.054,-1.7,0.1,-1.6,0.2
492,Russell Westbrook,PG,HOU,53,1905,21.5,0.539,0.168,0.289,5.1,18.4,11.7,35,2.1,0.8,14.9,34.4,2.1,2.3,4.3,0.109,1.9,-0.1,1.8,1.8
493,Coby White,SG,CHI,65,1674,11.9,0.506,0.475,0.163,1.8,14,7.6,16.5,1.4,0.3,11.4,24.4,-0.4,1.4,0.9,0.026,-1.2,-1.6,-2.8,-0.3
494,Derrick White,SG,SAS,61,1468,15.9,0.585,0.345,0.377,2.2,12,7.1,19.5,1.3,3.3,12.2,18.2,2.5,0.9,3.4,0.11,0.7,0.2,0.9,1.1
495,Hassan Whiteside,C,POR,61,1911,25,0.641,0.01,0.333,13.4,33.4,23.6,6,0.6,8.3,13.1,19.8,5.1,3,8.1,0.204,2.5,0.7,3.2,2.5
496,Andrew Wiggins,SF-SG,TOT,54,1858,16.4,0.536,0.342,0.274,3.6,12.3,7.8,18.1,1.1,2.4,10.7,27.4,0.9,1.1,1.9,0.05,1.1,-1.5,-0.3,0.8
497,Grant Williams,PF,BOS,62,970,8,0.508,0.443,0.266,6.5,11.7,9.1,8.3,1.4,3.1,17.7,11.5,0.2,1.3,1.5,0.075,-4,1.4,-2.6,-0.1
499,Kenrich Williams,PF,NOP,35,779,7.6,0.43,0.671,0.168,6.6,17.5,12,8.3,1.5,2.2,12,9.2,0.1,0.8,0.8,0.052,-3.3,1,-2.3,-0.1
500,Lou Williams,SG,LAC,60,1757,17.2,0.546,0.334,0.365,1.7,9.1,5.5,29.9,1.1,0.5,14.4,28.3,2.2,1.7,3.9,0.107,2.1,-1.4,0.8,1.2
501,Marvin Williams,PF,TOT,52,1011,11.4,0.585,0.578,0.217,2.1,13.7,7.8,8,1.7,2.4,9.3,13,1,1,2.1,0.099,-1.7,1,-0.7,0.3
502,Robert Williams,C,BOS,23,323,19.6,0.671,0,0.403,11.4,24.3,17.9,9.5,3,8,21.5,12.3,0.6,0.8,1.4,0.205,-0.6,4.4,3.8,0.5
505,D.J. Wilson,PF,MIL,31,280,8.4,0.476,0.545,0.089,3.8,19.3,12,10.3,0.3,1.6,12.5,17.7,-0.2,0.5,0.3,0.055,-3.9,0.3,-3.6,-0.1
507,Christian Wood,PF,DET,62,1325,23.2,0.659,0.276,0.476,8.8,24.8,16.7,7.6,1.3,3.4,12,23,3.6,1.5,5.1,0.184,3.5,-0.3,3.1,1.7
508,Delon Wright,SG,DAL,65,1412,16.1,0.563,0.307,0.236,5,14,9.6,21.2,2.6,1.3,13.9,14.8,2.6,1.8,4.3,0.148,0.4,2,2.4,1.6
510,Thaddeus Young,PF,CHI,64,1591,13.3,0.521,0.369,0.12,6.2,16.1,10.9,11.3,2.8,1.4,13.9,19.7,-0.2,2.1,1.9,0.058,-1.4,0.2,-1.1,0.4
511,Trae Young,PG,ATL,60,2120,23.9,0.595,0.455,0.448,1.6,11.5,6.5,45.6,1.4,0.3,16.2,34.9,5.4,0.5,5.9,0.134,6.3,-2.3,4,3.2
512,Cody Zeller,C,CHO,58,1341,18.8,0.576,0.157,0.374,12.6,21.2,16.7,11.3,1.5,1.7,11.9,20.8,2.4,1.2,3.6,0.129,0.2,-0.8,-0.6,0.5
513,Ante Žižić,C,CLE,22,221,16.4,0.597,0,0.264,9,24.4,16.6,4.2,1.5,1.9,11.1,17.5,0.3,0.2,0.5,0.106,-1.7,-1.5,-3.2,-0.1
514,Ivica Zubac,C,LAC,64,1156,21,0.642,0.006,0.42,15.2,25.7,20.6,8.7,0.5,4.6,11.8,16.2,3.6,2,5.6,0.231,1.5,1,2.5,1
