Rk,Player,Pos,G,MP,PER,TS,3PAr,FTr,ORBx,DRBx,TRBx,ASTx,STLx,BLKx,TOVx,USGx,OWS,DWS,WS,WS/48,OBPM,DBPM,BPM,VORP,cluster
1,Steven Adams,C,58,1564,20.8,0.605,0.006999999999999999,0.413,14.4,23.8,19.3,13.5,1.6,3.5,14.1,17.2,3.7,2.5,6.2,0.19,2.1,1.1,3.2,2.0,5
2,Bam Adebayo,PF,65,2235,20.6,0.606,0.018000000000000002,0.47600000000000003,8.7,25.0,17.2,23.6,1.7,3.8,17.5,20.8,4.6,3.6,8.1,0.175,1.6,2.1,3.6,3.2,5
3,LaMarcus Aldridge,C,53,1754,19.8,0.5710000000000001,0.198,0.24100000000000002,6.3,17.8,12.0,11.4,1.0,4.4,7.8,23.6,3.1,1.4,4.4,0.122,1.8,-0.5,1.3,1.5,6
4,Nickeil Alexander-Walker,SG,41,501,7.6,0.441,0.515,0.12300000000000001,1.7,15.2,8.4,20.3,1.0,1.2,14.3,22.8,-0.7,0.4,-0.4,-0.034,-3.5,-1.4,-4.9,-0.4,1
5,Grayson Allen,SG,30,498,11.4,0.5770000000000001,0.517,0.19899999999999998,1.1,12.6,7.0,11.8,0.6,0.2,10.7,17.9,0.5,0.3,0.7,0.07,-1.0,-1.5,-2.6,-0.1,8
6,Jarrett Allen,C,64,1647,20.3,0.6579999999999999,0.012,0.574,12.5,25.0,18.9,7.8,1.1,4.3,12.2,15.0,4.3,2.8,7.1,0.207,1.0,1.1,2.1,1.7,3
10,Kyle Anderson,PF,59,1140,13.0,0.542,0.221,0.23600000000000002,5.1,18.3,11.8,15.1,1.9,2.4,15.1,13.3,0.9,1.4,2.2,0.095,-1.3,1.9,0.6,0.7,6
12,Giannis Antetokounmpo,PF,57,1763,31.6,0.608,0.23800000000000002,0.5,7.8,34.5,22.0,33.9,1.5,2.9,13.1,37.4,5.6,4.8,10.4,0.282,7.4,4.1,11.5,6.0,5
15,Carmelo Anthony,PF,50,1623,12.2,0.517,0.28600000000000003,0.19699999999999998,4.0,15.8,10.0,7.0,1.2,1.2,10.5,21.6,0.1,0.9,1.0,0.028999999999999998,-1.9,-1.8,-3.7,-0.7,2
16,OG Anunoby,SF,63,1897,13.2,0.598,0.408,0.163,4.2,14.6,9.5,7.5,2.2,2.1,11.7,14.4,1.8,3.3,5.1,0.13,-0.9,1.8,0.9,1.4,2
17,Ryan Arcidiacono,PG,58,930,9.0,0.551,0.627,0.17300000000000001,2.3,11.2,6.5,14.3,1.4,0.3,13.5,12.5,0.7,0.7,1.4,0.07,-2.7,-0.1,-2.8,-0.2,1
18,Trevor Ariza,SF,53,1493,11.0,0.593,0.639,0.228,2.5,15.6,9.0,8.1,2.2,0.9,13.6,11.9,1.3,1.3,2.6,0.084,-1.5,0.9,-0.5,0.6,2
19,D.J. Augustin,PG,49,1215,14.2,0.5479999999999999,0.43799999999999994,0.395,1.5,8.3,4.8,26.7,1.2,0.1,12.9,19.1,1.8,0.8,2.6,0.10099999999999999,-0.3,-1.0,-1.4,0.2,7
20,Deandre Ayton,C,30,996,20.4,0.5710000000000001,0.006,0.168,13.5,27.0,20.1,9.7,1.0,4.5,12.4,24.3,1.1,1.3,2.4,0.11699999999999999,0.8,-0.4,0.5,0.6,3
21,Dwayne Bacon,SG,39,687,6.1,0.419,0.275,0.217,2.3,14.0,7.9,11.7,1.7,0.3,12.2,19.5,-1.2,0.4,-0.8,-0.053,-5.9,-0.9,-6.8,-0.8,8
23,Lonzo Ball,PG,56,1817,13.7,0.529,0.578,0.107,3.6,16.6,10.1,29.3,2.0,1.4,20.7,18.6,0.7,1.9,2.6,0.068,0.4,0.6,1.0,1.3,7
24,Mo Bamba,C,60,868,17.8,0.5489999999999999,0.369,0.163,11.7,25.7,18.5,7.3,1.2,8.9,12.2,17.2,0.9,1.7,2.5,0.14,-1.1,1.7,0.5,0.6,3
25,J.J. Barea,PG,26,391,14.9,0.519,0.425,0.10099999999999999,2.7,10.0,6.4,37.7,0.5,0.4,15.8,24.3,0.5,0.2,0.7,0.084,1.8,-2.7,-1.0,0.1,4
26,Harrison Barnes,PF,64,2231,13.3,0.575,0.342,0.34299999999999997,3.0,12.7,7.7,9.9,0.8,0.4,8.9,17.6,3.1,1.1,4.2,0.091,0.0,-1.2,-1.2,0.5,2
27,RJ Barrett,SG,56,1704,10.7,0.479,0.271,0.349,3.0,14.8,8.7,12.8,1.6,0.9,12.9,24.0,-1.6,1.1,-0.5,-0.015,-2.8,-1.5,-4.3,-1.0,8
28,Will Barton,SF,58,1916,15.7,0.5489999999999999,0.39,0.18,4.4,16.8,10.6,16.0,1.6,1.4,9.9,20.0,2.4,2.1,4.5,0.113,1.2,-0.1,1.2,1.5,2
29,Keita Bates-Diop,SF,39,665,12.6,0.541,0.452,0.332,3.2,15.0,8.9,6.5,1.2,2.6,5.5,15.6,0.6,0.5,1.1,0.081,-0.8,-0.1,-0.8,0.2,2
30,Nicolas Batum,SF,22,505,9.2,0.46299999999999997,0.605,0.12300000000000001,5.2,16.8,10.8,18.3,1.7,1.5,20.5,9.4,0.2,0.4,0.6,0.055,-2.7,0.9,-1.9,0.0,1
31,Aron Baynes,C,42,934,15.1,0.581,0.441,0.19699999999999998,8.3,20.2,14.1,11.0,0.5,2.2,10.8,21.1,1.3,0.7,2.0,0.10300000000000001,-0.2,-0.9,-1.1,0.2,0
32,Kent Bazemore,SF-SG,64,1604,9.2,0.5,0.461,0.287,1.6,16.9,9.2,7.1,2.1,2.1,13.2,17.2,-0.8,1.5,0.7,0.02,-3.4,0.4,-3.0,-0.4,2
33,Darius Bazley,PF,53,909,8.1,0.475,0.435,0.204,2.7,20.7,12.0,4.3,1.1,3.3,13.8,14.1,-0.8,1.2,0.4,0.019,-3.1,0.6,-2.5,-0.1,6
34,Bradley Beal,SG,57,2053,23.1,0.579,0.369,0.35100000000000003,2.7,10.6,6.5,29.1,1.6,1.0,11.4,34.4,4.6,0.5,5.1,0.11900000000000001,5.3,-2.4,2.9,2.5,7
35,Malik Beasley,SG,55,1209,12.7,0.546,0.517,0.124,1.6,11.9,6.6,9.4,1.6,0.6,9.2,21.8,0.4,0.9,1.3,0.053,-0.7,-1.3,-2.0,0.0,8
36,Marco Belinelli,SG,52,779,10.2,0.521,0.5720000000000001,0.151,0.6,11.9,6.2,11.3,0.6,0.1,5.2,17.0,0.4,0.1,0.6,0.035,-1.0,-1.9,-2.9,-0.2,8
37,Jordan Bell,C-PF,29,256,13.9,0.5770000000000001,0.179,0.46299999999999997,12.0,21.8,16.7,8.9,0.5,3.2,20.7,16.4,0.2,0.2,0.4,0.07,-1.4,-1.1,-2.5,0.0,5
38,DeAndre' Bembry,SG,43,915,9.6,0.5,0.285,0.21100000000000002,4.0,14.1,8.9,12.3,2.8,1.7,19.4,14.0,-0.5,0.7,0.2,0.011000000000000001,-3.5,1.0,-2.4,-0.1,1
40,Dāvis Bertāns,PF,54,1583,15.5,0.628,0.774,0.2,2.3,15.1,8.5,8.3,1.1,1.8,8.2,19.0,3.0,0.5,3.5,0.106,2.7,-1.8,0.9,1.1,2
41,Patrick Beverley,PG,48,1299,12.3,0.5539999999999999,0.609,0.126,4.6,15.7,10.3,18.2,1.9,1.7,15.7,13.0,1.4,2.0,3.4,0.126,-0.5,2.6,2.1,1.3,1
42,Khem Birch,C,40,777,10.1,0.529,0.009000000000000001,0.583,9.3,15.7,12.4,6.1,1.0,2.4,13.7,9.3,0.7,0.8,1.5,0.092,-3.3,0.3,-3.0,-0.2,0
43,Goga Bitadze,C,49,410,12.2,0.53,0.27899999999999997,0.256,6.0,19.8,12.9,7.1,0.7,6.9,14.8,18.1,-0.1,0.7,0.6,0.069,-4.0,1.5,-2.5,0.0,0
44,Bismack Biyombo,C,53,1029,16.1,0.57,0.0,0.5429999999999999,12.3,20.7,16.3,7.8,0.5,4.4,12.2,16.8,1.5,0.9,2.4,0.113,-1.8,-0.7,-2.5,-0.1,5
45,Nemanja Bjelica,PF,64,1821,15.6,0.597,0.488,0.121,6.5,19.4,12.8,14.6,1.4,1.7,12.6,17.4,3.0,1.7,4.7,0.125,1.2,0.4,1.6,1.7,6
46,Eric Bledsoe,PG,56,1524,18.1,0.579,0.304,0.292,2.8,13.3,8.4,28.5,1.6,1.4,15.8,24.0,2.4,2.9,5.3,0.168,1.1,1.1,2.2,1.6,7
47,Bogdan Bogdanović,SG,53,1510,14.3,0.56,0.595,0.16399999999999998,1.2,11.8,6.4,17.2,1.7,0.9,11.5,22.3,1.2,1.1,2.4,0.075,0.7,-0.3,0.4,0.9,8
48,Bojan Bogdanović,SF,63,2083,15.7,0.603,0.489,0.29600000000000004,2.2,11.1,6.8,9.9,0.8,0.3,13.1,25.6,2.7,1.6,4.3,0.099,1.6,-1.5,0.2,1.1,8
52,Isaac Bonga,SF,58,1025,10.7,0.627,0.299,0.348,6.3,13.6,9.8,7.7,1.7,1.8,16.2,10.3,1.3,0.4,1.7,0.081,-2.4,0.0,-2.4,-0.1,6
53,Devin Booker,SG,62,2241,19.8,0.617,0.313,0.395,1.3,11.7,6.4,30.2,1.0,0.6,15.7,29.5,4.8,1.2,6.0,0.129,3.1,-1.4,1.7,2.1,7
54,Chris Boucher,PF,55,724,19.8,0.57,0.381,0.396,14.0,21.1,17.7,4.7,1.3,7.1,7.0,19.4,1.7,1.5,3.2,0.214,0.4,1.0,1.4,0.6,3
56,Ky Bowman,PG,45,1015,9.2,0.494,0.33299999999999996,0.128,2.5,10.7,6.5,19.4,2.1,0.9,17.1,17.2,-0.6,0.6,-0.1,-0.003,-4.0,-0.3,-4.3,-0.6,7
57,Avery Bradley,SG,49,1186,8.9,0.537,0.452,0.063,1.7,8.7,5.3,7.1,1.7,0.4,10.7,15.7,0.2,1.4,1.6,0.066,-2.9,0.5,-2.4,-0.1,8
58,Tony Bradley,C,50,535,21.8,0.675,0.006,0.258,19.3,24.7,22.1,4.9,1.1,3.9,11.8,16.1,1.8,0.9,2.7,0.242,0.9,0.4,1.3,0.4,3
61,Mikal Bridges,SF,65,1772,13.0,0.623,0.391,0.258,3.6,12.8,8.1,8.9,2.5,1.9,12.5,12.4,2.2,1.9,4.1,0.111,-0.7,1.5,0.8,1.3,2
62,Miles Bridges,SF,65,1995,12.1,0.52,0.39799999999999996,0.174,4.6,15.6,9.9,9.4,1.0,2.2,10.5,20.0,0.3,1.3,1.6,0.038,-1.5,-1.0,-2.5,-0.3,2
65,Malcolm Brogdon,PG,48,1472,17.8,0.537,0.29600000000000004,0.24600000000000002,3.0,13.8,8.5,34.5,1.1,0.5,13.6,25.2,2.0,1.4,3.5,0.113,2.2,-0.5,1.7,1.4,7
66,Dillon Brooks,SG,65,1851,11.1,0.508,0.387,0.192,3.5,8.4,6.0,10.0,1.4,1.2,9.7,25.0,-0.3,1.3,1.0,0.025,-2.8,-1.5,-4.3,-1.1,8
67,Bruce Brown,SG,58,1634,11.9,0.518,0.215,0.266,4.2,15.0,9.5,20.4,1.9,1.5,16.7,16.0,0.8,1.4,2.1,0.062,-2.0,0.8,-1.2,0.3,1
69,Jaylen Brown,SF,50,1702,17.1,0.589,0.364,0.28,3.4,16.5,10.0,10.2,1.6,0.9,11.8,24.7,2.1,2.3,4.5,0.126,1.0,-0.1,0.9,1.2,2
71,Sterling Brown,SF,45,665,9.3,0.478,0.523,0.161,4.4,19.2,12.3,8.8,1.5,0.9,13.4,16.7,-0.4,1.3,1.0,0.071,-3.1,1.0,-2.0,0.0,2
72,Troy Brown Jr.,SG,61,1519,13.7,0.534,0.287,0.225,4.4,19.6,11.7,13.0,2.3,0.3,10.5,17.0,1.2,0.9,2.2,0.069,-0.8,-0.4,-1.3,0.3,2
73,Jalen Brunson,PG,57,1022,15.0,0.5529999999999999,0.309,0.193,2.3,11.3,6.9,26.9,1.0,0.3,13.6,20.4,1.6,0.7,2.3,0.10800000000000001,0.1,-0.9,-0.8,0.3,7
74,Thomas Bryant,C,38,901,20.0,0.659,0.17600000000000002,0.309,8.8,23.4,15.8,11.9,0.7,3.2,12.1,18.3,2.4,0.5,2.9,0.153,2.1,-1.2,0.9,0.7,5
75,Reggie Bullock,SG,29,684,9.3,0.502,0.496,0.094,2.0,8.8,5.3,8.8,1.8,0.4,7.5,15.6,0.2,0.3,0.5,0.036000000000000004,-2.7,-0.3,-3.0,-0.2,8
76,Trey Burke,PG,25,329,15.4,0.545,0.299,0.142,5.0,6.7,5.9,24.2,1.0,0.3,8.2,19.3,0.6,0.2,0.9,0.129,0.7,-1.1,-0.5,0.1,7
77,Alec Burks,SG,59,1612,16.0,0.5489999999999999,0.389,0.358,2.8,15.2,8.8,16.9,1.7,0.9,9.5,23.8,1.9,1.1,2.9,0.08800000000000001,0.6,-0.7,-0.2,0.7,8
78,Deonte Burton,SG,34,284,5.9,0.426,0.43799999999999994,0.114,2.4,15.9,9.4,5.6,0.9,3.0,11.3,19.3,-0.6,0.3,-0.3,-0.046,-5.5,-0.4,-5.8,-0.3,2
79,Jimmy Butler,SF,54,1851,23.4,0.583,0.162,0.679,6.2,15.2,10.9,28.1,2.4,1.6,11.2,25.2,6.0,2.5,8.5,0.21899999999999997,4.0,1.3,5.2,3.4,1
80,Bruno Caboclo,SF,27,220,13.4,0.455,0.364,0.065,10.6,14.5,12.6,7.4,2.5,6.3,10.2,16.7,0.0,0.4,0.3,0.07,-2.5,1.1,-1.4,0.0,6
81,Kentavious Caldwell-Pope,SG,63,1603,11.6,0.5920000000000001,0.474,0.204,2.6,6.3,4.5,8.7,1.6,0.7,9.8,14.8,2.0,1.8,3.8,0.114,-0.8,0.5,-0.3,0.7,8
83,Clint Capela,C,39,1279,20.7,0.626,0.0,0.268,13.7,30.5,22.0,5.7,1.2,4.8,12.7,16.0,2.9,2.1,5.0,0.18600000000000003,1.1,0.4,1.5,1.1,3
84,DeMarre Carroll,SF,21,231,8.5,0.523,0.5,0.667,5.1,16.7,10.9,10.1,0.8,1.5,18.6,15.8,0.0,0.1,0.1,0.026000000000000002,-3.4,-1.1,-4.5,-0.1,6
85,Jevon Carter,PG,50,754,10.4,0.535,0.5710000000000001,0.122,3.6,11.0,7.2,11.7,2.4,1.5,12.6,13.9,0.3,0.7,1.1,0.068,-1.6,1.0,-0.6,0.3,8
86,Vince Carter,SF,60,876,7.6,0.47,0.664,0.095,2.2,13.2,7.6,7.7,1.2,2.4,9.4,16.6,-0.6,0.4,-0.2,-0.011000000000000001,-3.1,-1.2,-4.3,-0.5,2
87,Wendell Carter Jr.,C,43,1256,15.5,0.59,0.085,0.44299999999999995,11.6,24.6,17.8,6.0,1.3,2.7,14.9,16.4,1.7,1.6,3.3,0.127,-2.1,-0.3,-2.4,-0.1,0
88,Michael Carter-Williams,SG,42,773,15.7,0.539,0.281,0.36,5.9,13.8,9.7,19.4,2.8,2.3,14.6,18.4,0.7,1.1,1.9,0.11599999999999999,-1.3,1.7,0.4,0.5,1
89,Alex Caruso,PG,58,1032,11.0,0.5379999999999999,0.41200000000000003,0.292,1.5,10.1,5.9,12.6,2.8,1.4,13.6,13.9,0.6,1.6,2.2,0.10300000000000001,-2.4,2.4,0.1,0.5,8
90,Willie Cauley-Stein,C,54,1097,17.0,0.589,0.003,0.21899999999999997,8.0,23.2,15.5,9.9,2.1,4.9,10.8,14.4,1.5,1.5,3.0,0.129,-1.2,1.7,0.5,0.7,5
91,Tyson Chandler,C,26,219,10.8,0.7170000000000001,0.0,0.722,11.9,19.8,15.8,3.5,1.3,3.1,25.2,6.0,0.3,0.3,0.6,0.13,-2.5,1.1,-1.4,0.0,5
92,Wilson Chandler,SF,35,734,7.4,0.531,0.6609999999999999,0.126,1.6,18.3,10.2,7.4,1.0,1.4,15.0,13.0,-0.1,0.9,0.8,0.05,-3.9,1.0,-2.9,-0.2,2
95,Chris Chiozza,PG,21,249,12.9,0.526,0.519,0.025,2.5,12.5,7.4,26.7,2.8,0.7,17.5,16.2,0.1,0.3,0.4,0.077,-0.8,1.6,0.8,0.2,7
96,Marquese Chriss,PF,59,1196,19.4,0.604,0.10099999999999999,0.405,10.0,23.6,16.5,15.3,1.6,4.7,14.7,19.0,2.1,1.3,3.4,0.136,0.1,0.5,0.6,0.8,5
97,Gary Clark,PF,35,425,10.3,0.534,0.851,0.08900000000000001,6.6,14.8,10.6,4.7,0.6,2.9,4.5,10.9,0.5,0.4,0.9,0.098,-1.1,-1.1,-2.2,0.0,6
98,Brandon Clarke,PF,50,1086,21.8,0.67,0.127,0.228,7.7,20.3,14.1,10.1,1.1,3.3,9.3,19.0,3.1,1.3,4.4,0.192,2.8,0.7,3.5,1.5,5
99,Jordan Clarkson,SG,63,1527,17.9,0.583,0.469,0.193,3.5,8.5,6.0,13.4,1.4,0.8,9.1,25.5,2.6,0.9,3.5,0.11,2.7,-1.1,1.6,1.4,8
101,Chris Clemons,SG,29,251,12.6,0.546,0.746,0.055999999999999994,1.2,8.4,4.8,13.5,1.1,1.7,11.6,24.0,0.1,0.2,0.2,0.046,0.4,-1.7,-1.3,0.1,1
104,John Collins,PF,41,1363,23.5,0.659,0.243,0.248,9.0,24.0,16.4,7.6,1.1,4.1,10.1,22.7,3.8,1.1,4.9,0.174,3.7,-0.7,3.1,1.7,0
106,Mike Conley,PG,41,1171,13.7,0.527,0.43799999999999994,0.24100000000000002,2.7,9.5,6.2,22.8,1.3,0.3,12.4,23.0,1.0,1.0,2.1,0.085,0.4,-0.4,0.0,0.6,7
107,Pat Connaughton,SG,61,1119,11.2,0.5579999999999999,0.525,0.138,5.3,16.9,11.4,10.6,0.8,2.3,14.5,11.9,0.9,2.1,3.0,0.13,-1.1,1.6,0.5,0.7,6
108,Quinn Cook,PG,38,409,10.5,0.517,0.382,0.052000000000000005,1.9,8.6,5.3,13.9,1.3,0.2,12.4,20.8,-0.1,0.4,0.4,0.043,-2.3,-1.0,-3.3,-0.1,1
110,Robert Covington,PF,62,1867,13.6,0.5710000000000001,0.654,0.16699999999999998,3.0,19.9,11.2,5.8,2.4,3.6,11.8,17.4,0.9,2.4,3.3,0.085,-1.0,1.1,0.1,1.0,2
111,Allen Crabbe,SG,37,653,6.0,0.47,0.672,0.079,1.8,11.0,6.3,6.8,1.1,0.5,8.5,12.7,-0.2,0.1,-0.1,-0.006999999999999999,-3.7,-1.5,-5.3,-0.5,8
112,Torrey Craig,SF,50,869,10.4,0.5589999999999999,0.524,0.149,6.1,13.8,10.0,5.2,1.0,3.4,9.0,12.2,0.8,0.9,1.7,0.095,-2.4,0.1,-2.3,-0.1,6
113,Jae Crowder,SF,58,1695,12.1,0.532,0.6920000000000001,0.23600000000000002,3.1,18.7,11.1,11.7,1.9,1.1,9.9,15.6,1.2,2.0,3.2,0.09,-0.9,0.3,-0.6,0.6,2
114,Jarrett Culver,SG,63,1506,9.6,0.467,0.38799999999999996,0.20600000000000002,4.7,10.3,7.4,10.8,1.8,2.1,11.5,19.2,-1.2,1.1,-0.1,-0.004,-3.2,-0.8,-4.0,-0.8,8
115,Seth Curry,SG,59,1448,16.2,0.65,0.564,0.165,1.9,8.0,5.0,12.1,1.2,0.5,9.5,18.6,3.4,0.9,4.3,0.14400000000000002,2.0,-0.7,1.4,1.2,8
117,Troy Daniels,SG,42,457,8.9,0.524,0.711,0.10099999999999999,2.9,7.9,5.5,4.1,0.8,0.6,5.1,16.2,0.2,0.4,0.7,0.07,-1.2,-1.0,-2.2,0.0,8
118,Anthony Davis,PF,55,1889,28.2,0.614,0.195,0.46,7.3,22.1,14.9,14.6,2.1,6.2,10.1,29.7,6.2,4.1,10.3,0.262,5.8,2.8,8.5,5.0,0
119,Ed Davis,C,25,268,7.3,0.425,0.0,0.324,12.4,25.8,19.4,3.8,1.8,2.8,25.1,8.5,-0.1,0.5,0.4,0.07400000000000001,-5.5,1.7,-3.9,-0.1,5
120,Terence Davis,SG,64,1087,14.5,0.598,0.568,0.133,4.6,16.3,10.5,14.6,1.4,1.1,13.6,18.9,1.4,1.6,3.0,0.133,0.7,0.6,1.3,0.9,6
121,Dewayne Dedmon,C,44,774,9.4,0.473,0.42,0.141,8.5,27.7,17.9,4.1,1.5,4.8,17.4,18.2,-1.0,1.1,0.1,0.006,-5.8,0.0,-5.8,-0.7,0
122,Matthew Dellavedova,PG,57,821,8.1,0.46299999999999997,0.52,0.21100000000000002,2.4,7.8,5.1,29.0,1.2,0.2,23.6,13.0,0.1,0.1,0.2,0.01,-3.6,-1.6,-5.2,-0.7,4
123,DeMar DeRozan,SF,61,2091,21.3,0.597,0.031,0.419,2.0,15.7,8.9,26.0,1.4,0.6,11.5,26.6,5.1,1.1,6.2,0.14300000000000002,2.1,-0.5,1.6,1.9,1
124,Cheick Diallo,C,44,467,16.3,0.688,0.015,0.27,6.5,24.1,15.1,7.2,1.0,2.3,16.4,16.7,0.8,0.5,1.3,0.129,-1.1,-0.3,-1.4,0.1,5
125,Hamidou Diallo,SF,38,699,8.4,0.488,0.16,0.205,4.8,14.3,9.7,4.5,2.0,1.0,13.4,17.4,-0.6,0.8,0.2,0.013999999999999999,-5.0,0.3,-4.8,-0.5,2
126,Gorgui Dieng,C,58,1012,17.4,0.564,0.414,0.242,8.8,26.5,17.5,10.3,2.2,4.6,12.7,17.7,1.1,1.6,2.7,0.128,0.0,1.8,1.8,0.9,0
127,Spencer Dinwiddie,SG,64,1994,17.9,0.541,0.392,0.43700000000000006,1.7,9.5,5.7,35.6,1.0,0.9,12.5,29.2,3.4,1.7,5.1,0.12300000000000001,2.6,-0.8,1.7,1.9,7
128,Donte DiVincenzo,SG,59,1362,15.0,0.57,0.489,0.17300000000000001,4.6,15.7,10.5,13.3,2.7,1.2,12.9,16.9,1.4,3.1,4.5,0.158,-0.6,2.7,2.1,1.4,8
129,Luka Dončić,PG,54,1799,27.7,0.584,0.442,0.442,4.1,24.7,14.6,45.3,1.6,0.5,14.6,37.0,5.8,2.3,8.1,0.215,7.3,1.1,8.4,4.7,7
130,Luguentz Dort,SG,29,637,7.3,0.521,0.465,0.22899999999999998,2.7,6.6,4.7,4.5,1.8,0.3,8.0,13.0,0.2,0.5,0.7,0.052000000000000005,-4.3,0.4,-3.9,-0.3,8
131,Damyean Dotson,SG,48,836,10.9,0.527,0.562,0.114,1.2,10.6,5.8,10.0,1.3,0.5,6.5,16.5,0.6,0.3,0.9,0.053,-0.9,-0.5,-1.4,0.1,8
132,Sekou Doumbouya,SF,38,754,6.2,0.474,0.415,0.195,3.0,14.9,8.9,3.6,1.3,0.9,12.0,16.9,-0.8,0.5,-0.3,-0.02,-5.2,-1.5,-6.7,-0.9,2
133,PJ Dozier,PG,21,234,9.3,0.449,0.308,0.121,2.4,11.9,7.1,17.5,1.5,2.0,10.3,19.8,-0.1,0.2,0.1,0.019,-4.4,-0.8,-5.2,-0.2,1
134,Goran Dragić,PG,54,1531,15.9,0.5710000000000001,0.47200000000000003,0.33299999999999996,2.0,9.9,6.1,28.6,1.0,0.5,14.9,25.7,2.0,1.1,3.0,0.095,1.4,-1.9,-0.5,0.6,7
135,Andre Drummond,C,57,1879,22.0,0.5529999999999999,0.045,0.375,14.9,37.5,26.0,13.6,2.8,4.2,18.2,25.9,0.7,3.6,4.3,0.109,-0.1,1.1,1.0,1.4,3
136,Jared Dudley,SF,40,311,7.4,0.57,0.68,0.04,1.8,13.0,7.5,7.4,1.8,0.8,10.5,7.7,0.2,0.4,0.7,0.10300000000000001,-2.7,2.0,-0.7,0.1,8
137,Kris Dunn,PG,51,1269,12.1,0.51,0.327,0.158,1.9,14.9,8.1,19.4,3.8,1.3,15.7,14.6,0.3,2.0,2.3,0.085,-3.7,3.1,-0.6,0.4,1
138,Carsen Edwards,SG,35,316,6.5,0.446,0.602,0.115,2.1,12.4,7.3,9.5,1.5,0.9,11.2,18.1,-0.3,0.4,0.1,0.012,-4.6,-0.3,-4.9,-0.2,8
140,Wayne Ellington,SG,36,558,8.5,0.509,0.8220000000000001,0.075,0.7,12.0,6.2,11.0,1.1,0.7,9.1,15.0,0.2,0.2,0.4,0.035,-1.9,-1.0,-2.8,-0.1,8
141,Joel Embiid,C,44,1329,26.0,0.593,0.23,0.545,10.1,33.1,21.6,17.3,1.4,3.7,13.4,32.6,3.2,2.4,5.6,0.203,4.1,1.2,5.2,2.4,5
142,James Ennis,SF,61,1053,11.5,0.557,0.473,0.265,6.3,14.5,10.4,7.2,1.3,1.6,11.6,15.2,0.9,1.2,2.1,0.096,-2.1,-0.3,-2.5,-0.1,6
144,Jacob Evans,SG,29,418,5.5,0.436,0.29100000000000004,0.21600000000000003,2.3,8.6,5.3,10.8,1.3,2.6,14.6,17.5,-0.7,0.2,-0.5,-0.055999999999999994,-5.7,-1.3,-7.0,-0.5,8
145,Dante Exum,SG,35,485,10.4,0.5760000000000001,0.361,0.361,2.8,12.6,7.7,11.5,1.3,1.4,18.4,15.0,0.2,0.2,0.4,0.043,-2.5,-0.4,-2.9,-0.1,1
147,Derrick Favors,C,45,1089,19.0,0.624,0.023,0.203,14.1,29.0,21.5,9.8,1.1,3.4,13.3,14.4,2.4,1.4,3.8,0.168,0.8,0.4,1.2,0.9,3
148,Cristiano Felício,PF,22,386,12.8,0.6709999999999999,0.037000000000000005,0.426,15.0,14.1,14.6,5.7,1.2,0.5,21.9,9.1,0.7,0.3,1.0,0.126,-1.4,-1.6,-3.0,-0.1,5
149,Terrance Ferguson,SF,50,1170,4.1,0.504,0.779,0.095,2.3,4.6,3.5,5.0,1.1,1.2,12.6,9.0,-0.1,0.8,0.7,0.027000000000000003,-4.5,0.3,-4.1,-0.6,8
150,Bruno Fernando,C,56,713,11.9,0.542,0.18600000000000003,0.256,10.0,20.0,15.0,9.9,1.2,2.0,15.9,15.3,0.4,0.4,0.8,0.055,-3.2,-1.0,-4.1,-0.4,5
151,Yogi Ferrell,PG,44,484,10.7,0.499,0.408,0.21899999999999997,1.4,10.0,5.6,17.6,1.4,0.8,11.9,18.9,0.1,0.3,0.4,0.036000000000000004,-2.1,-0.4,-2.5,-0.1,1
152,Dorian Finney-Smith,PF,64,1898,12.2,0.597,0.58,0.212,7.0,12.3,9.7,6.8,1.1,1.7,11.2,12.7,2.9,1.6,4.5,0.114,0.0,-0.1,-0.2,0.9,6
153,Bryn Forbes,SG,63,1579,11.2,0.57,0.6559999999999999,0.155,0.8,7.8,4.3,9.6,1.0,0.0,8.4,18.6,1.2,0.2,1.5,0.045,-0.6,-2.1,-2.7,-0.3,8
154,Evan Fournier,SG,61,1931,16.7,0.599,0.467,0.23600000000000002,0.9,8.1,4.4,16.5,1.8,0.7,11.1,24.2,2.7,1.7,4.4,0.11,1.5,-0.3,1.2,1.6,8
155,De'Aaron Fox,PG,45,1426,20.3,0.556,0.221,0.442,2.3,12.3,7.2,35.4,2.2,1.5,14.6,29.6,2.1,1.3,3.5,0.11699999999999999,2.1,-0.3,1.8,1.4,4
158,Tim Frazier,PG,27,355,9.8,0.46399999999999997,0.319,0.255,2.8,7.8,5.3,36.5,1.9,0.9,25.6,17.3,-0.1,0.2,0.1,0.016,-2.9,-1.6,-4.5,-0.2,4
159,Markelle Fultz,PG,64,1813,14.4,0.523,0.175,0.209,2.0,10.9,6.3,28.8,2.2,0.5,15.1,20.7,0.8,1.9,2.7,0.071,-1.9,0.2,-1.7,0.1,7
160,Wenyen Gabriel,PF,28,210,9.6,0.547,0.435,0.435,9.1,14.0,11.6,5.0,2.3,2.5,22.6,14.5,0.0,0.2,0.2,0.043,-3.9,0.0,-3.9,-0.1,6
161,Daniel Gafford,C,43,609,16.2,0.6859999999999999,0.0,0.44799999999999995,9.0,10.3,9.6,5.2,1.0,8.7,15.3,13.3,1.1,0.8,1.8,0.146,-2.8,1.5,-1.3,0.1,5
162,Danilo Gallinari,PF,55,1690,19.4,0.611,0.5379999999999999,0.35200000000000004,2.2,17.1,9.9,10.5,1.2,0.2,7.5,24.4,4.1,1.6,5.7,0.163,4.1,-0.9,3.2,2.2,2
163,Langston Galloway,SG,66,1702,12.3,0.584,0.611,0.157,2.2,7.8,5.0,8.8,1.4,0.5,6.5,15.9,2.4,0.7,3.1,0.087,0.1,-0.9,-0.8,0.5,8
164,Darius Garland,PG,59,1824,8.5,0.498,0.423,0.10300000000000001,1.6,5.2,3.4,18.5,1.1,0.2,17.1,20.7,-1.3,0.0,-1.3,-0.035,-2.7,-2.9,-5.6,-1.7,7
165,Marc Gasol,C,36,990,11.9,0.546,0.5379999999999999,0.153,3.2,20.8,12.2,16.9,1.3,3.2,14.6,12.7,0.9,1.8,2.7,0.128,-0.9,2.7,1.8,0.9,6
166,Rudy Gay,PF,60,1287,14.4,0.545,0.369,0.225,4.7,22.3,13.5,11.3,1.0,1.9,12.4,21.3,0.6,0.9,1.5,0.054000000000000006,-0.5,-1.0,-1.5,0.2,6
167,Paul George,SF,42,1222,20.5,0.5820000000000001,0.494,0.27699999999999997,1.9,18.1,10.2,21.2,2.2,1.4,13.0,29.6,1.9,2.0,3.9,0.153,3.4,1.1,4.5,2.0,1
168,Taj Gibson,C,62,1025,16.1,0.61,0.049,0.196,11.2,16.7,13.9,7.6,1.3,2.8,13.1,14.8,1.8,0.8,2.6,0.12,-0.7,-0.4,-1.1,0.2,5
169,Harry Giles,PF,38,579,16.3,0.586,0.0,0.20800000000000002,6.3,25.2,15.5,13.4,1.8,2.3,13.4,19.6,0.7,0.7,1.4,0.12,-2.2,1.1,-1.1,0.1,5
170,Shai Gilgeous-Alexander,SG,63,2214,17.8,0.5660000000000001,0.237,0.33899999999999997,2.3,16.4,9.6,14.8,1.5,1.7,9.8,23.7,2.9,2.6,5.5,0.12,1.4,0.2,1.6,2.0,2
171,Rudy Gobert,C,62,2142,21.7,0.7,0.0,0.725,11.3,31.3,21.8,6.5,1.1,4.8,15.2,16.1,6.0,4.0,10.0,0.225,1.8,1.9,3.7,3.1,3
172,Brandon Goodwin,PG,34,430,11.7,0.507,0.45799999999999996,0.158,2.7,15.5,9.0,18.0,1.3,0.8,12.5,22.4,-0.1,0.2,0.1,0.013000000000000001,-1.5,-1.3,-2.9,-0.1,1
173,Aaron Gordon,PF,58,1914,14.8,0.511,0.311,0.28,5.6,19.6,12.4,17.2,1.3,1.7,10.3,20.6,1.2,2.2,3.3,0.084,-0.3,0.1,-0.3,0.8,6
174,Eric Gordon,SG,34,972,10.5,0.511,0.6579999999999999,0.235,0.9,6.2,3.5,7.8,1.1,1.1,6.9,22.1,0.2,0.5,0.7,0.037000000000000005,-1.6,-2.0,-3.6,-0.4,8
175,Devonte' Graham,PG,63,2211,15.8,0.537,0.607,0.242,2.0,8.7,5.2,35.3,1.4,0.6,14.5,24.8,2.5,0.9,3.4,0.073,2.6,-2.1,0.5,1.4,7
176,Treveon Graham,SG,55,929,6.6,0.456,0.496,0.231,5.7,11.7,8.6,6.6,1.2,0.5,9.8,13.1,-0.2,0.4,0.2,0.009000000000000001,-4.5,-1.1,-5.5,-0.8,2
177,Jerami Grant,PF,64,1676,14.2,0.585,0.39399999999999996,0.308,3.5,11.6,7.5,6.7,1.3,2.9,8.0,17.8,2.4,1.7,4.0,0.11599999999999999,-0.1,-0.4,-0.4,0.7,2
179,Danny Green,SG,61,1529,11.1,0.564,0.7040000000000001,0.10400000000000001,3.2,11.3,7.3,7.3,2.4,1.7,10.8,13.8,1.1,2.4,3.4,0.10800000000000001,-0.8,1.7,0.9,1.1,8
180,Draymond Green,PF,43,1222,12.6,0.489,0.408,0.263,2.0,22.3,11.8,31.2,2.3,2.4,21.8,15.7,-0.2,1.3,1.1,0.044000000000000004,-2.0,1.9,-0.2,0.6,7
181,JaMychal Green,PF,55,1130,10.8,0.5539999999999999,0.675,0.146,7.0,24.3,15.9,5.1,1.0,1.6,12.3,13.5,0.8,1.8,2.6,0.111,-1.4,0.6,-0.8,0.3,0
182,Javonte Green,SF,44,414,12.3,0.5579999999999999,0.235,0.36700000000000005,4.7,15.9,10.4,7.6,2.7,1.6,13.7,13.6,0.3,0.7,1.0,0.11199999999999999,-2.4,1.8,-0.6,0.1,2
183,Jeff Green,PF,40,754,12.8,0.575,0.529,0.28,3.4,12.5,8.1,6.2,1.3,1.7,10.9,18.9,0.6,0.8,1.4,0.08900000000000001,-0.4,0.0,-0.5,0.3,2
185,Marko Guduric,SG,42,476,8.8,0.515,0.526,0.162,3.1,12.3,7.8,12.4,1.2,1.5,17.9,17.6,-0.2,0.4,0.1,0.012,-2.6,-0.8,-3.4,-0.2,1
187,Rui Hachimura,PF,41,1217,13.9,0.5429999999999999,0.16,0.243,5.5,17.4,11.2,8.3,1.3,0.5,7.5,18.7,1.3,0.4,1.7,0.066,-1.1,-1.9,-3.0,-0.3,6
191,Tim Hardaway Jr.,SG,63,1815,15.0,0.581,0.574,0.191,1.4,9.9,5.7,10.2,1.0,0.2,6.6,21.7,3.1,1.1,4.2,0.111,1.5,-1.2,0.4,1.1,8
192,James Harden,SG,61,2241,28.4,0.616,0.555,0.519,3.0,15.3,9.1,34.4,2.2,2.0,13.8,36.4,8.7,2.7,11.5,0.245,7.9,1.2,9.0,6.3,1
193,Maurice Harkless,SF,62,1427,9.7,0.5720000000000001,0.34600000000000003,0.233,4.1,13.3,8.7,6.3,1.9,2.0,14.5,10.7,0.8,1.9,2.7,0.09,-2.6,1.9,-0.8,0.5,2
195,Montrezl Harrell,C,63,1749,23.1,0.607,0.022000000000000002,0.43200000000000005,9.9,16.2,13.1,10.3,1.1,3.6,10.1,25.5,4.5,2.5,7.0,0.193,2.4,0.5,2.9,2.2,0
196,Gary Harris,SG,56,1780,9.7,0.519,0.405,0.177,1.6,8.6,5.1,8.9,2.1,0.7,9.7,15.1,0.5,1.7,2.2,0.059000000000000004,-2.8,0.4,-2.4,-0.2,8
197,Joe Harris,SF,63,1946,12.7,0.5920000000000001,0.523,0.11800000000000001,3.3,10.9,7.2,10.3,0.9,0.7,11.1,17.9,2.1,1.7,3.8,0.094,0.0,-0.5,-0.5,0.8,2
198,Tobias Harris,PF,65,2243,16.8,0.557,0.309,0.183,2.7,19.0,10.8,14.6,1.1,1.3,7.9,23.6,3.0,2.6,5.6,0.12,1.0,-0.4,0.6,1.5,2
199,Shaquille Harrison,SF,43,484,17.8,0.5589999999999999,0.255,0.303,4.8,15.3,9.8,15.3,3.4,3.7,9.2,18.1,0.8,0.8,1.5,0.153,0.4,2.4,2.8,0.6,1
200,Josh Hart,SF,57,1563,11.7,0.556,0.6759999999999999,0.18899999999999997,3.6,21.4,12.5,8.0,1.7,1.1,11.1,15.3,1.0,1.7,2.7,0.083,-1.2,0.6,-0.6,0.6,2
201,Isaiah Hartenstein,C,23,266,18.7,0.674,0.075,0.418,11.4,24.2,17.7,9.8,1.6,3.9,16.8,14.8,0.7,0.4,1.1,0.191,-0.9,1.3,0.4,0.2,5
203,Jaxson Hayes,C,56,951,17.8,0.675,0.017,0.736,9.0,15.7,12.3,7.5,1.1,4.6,11.6,15.1,2.5,1.0,3.5,0.17600000000000002,-0.8,0.8,0.1,0.5,5
204,Gordon Hayward,SF,45,1501,18.2,0.593,0.311,0.183,3.2,17.6,10.5,19.0,1.1,1.2,10.8,20.9,3.1,1.9,5.0,0.16,2.6,0.3,2.9,1.8,6
205,John Henson,PF,40,600,17.0,0.578,0.21100000000000002,0.26899999999999996,8.5,21.8,15.1,13.4,2.0,6.0,15.8,16.3,0.6,0.8,1.4,0.109,-1.1,2.1,1.0,0.5,5
207,Juan Hernangómez,PF,48,833,10.4,0.518,0.522,0.287,5.5,20.4,12.8,6.6,1.1,1.0,10.3,15.7,0.2,0.7,1.0,0.055,-2.2,-1.1,-3.3,-0.3,6
208,Willy Hernangómez,C,31,375,19.2,0.5760000000000001,0.158,0.424,12.1,27.5,19.5,13.5,1.3,1.7,15.4,22.9,0.4,0.4,0.8,0.107,0.6,-0.5,0.1,0.2,5
209,Tyler Herro,SG,47,1280,11.4,0.534,0.47600000000000003,0.14800000000000002,1.3,14.6,8.2,11.1,1.1,0.5,11.3,22.0,-0.3,1.1,0.9,0.033,-1.0,-1.3,-2.3,-0.1,8
211,Mario Hezonja,PF,47,767,9.5,0.532,0.33899999999999997,0.27,3.6,18.1,10.9,7.2,1.7,1.0,14.9,13.7,0.1,0.6,0.7,0.046,-3.1,0.2,-2.9,-0.2,2
212,Buddy Hield,SG,64,2045,16.3,0.5660000000000001,0.5820000000000001,0.12300000000000001,3.1,14.1,8.4,15.8,1.4,0.8,11.8,27.1,1.6,1.5,3.1,0.07400000000000001,2.6,-1.3,1.4,1.7,8
213,George Hill,PG,52,1103,17.5,0.6679999999999999,0.452,0.247,4.3,9.2,6.9,18.4,1.7,0.3,11.6,15.8,3.2,1.9,5.1,0.22,1.8,1.4,3.2,1.5,1
214,Solomon Hill,SF,54,992,9.8,0.542,0.629,0.16899999999999998,2.9,13.2,8.2,12.6,1.7,1.1,15.0,13.2,0.4,0.9,1.3,0.064,-1.9,0.2,-1.6,0.1,8
216,Aaron Holiday,PG,58,1368,11.7,0.517,0.409,0.145,1.7,8.9,5.3,19.5,1.6,0.8,12.4,19.4,0.4,1.4,1.7,0.06,-1.4,-0.3,-1.7,0.1,1
217,Jrue Holiday,SG,55,1922,17.5,0.535,0.34600000000000003,0.183,3.8,10.9,7.3,29.8,2.2,1.9,13.6,24.7,2.1,1.8,4.0,0.099,1.9,0.3,2.3,2.1,7
218,Justin Holiday,SG,65,1617,12.7,0.598,0.667,0.13699999999999998,2.1,11.9,7.0,7.1,2.3,2.3,8.0,13.5,1.7,2.2,4.0,0.11699999999999999,0.0,1.7,1.6,1.5,2
219,Rondae Hollis-Jefferson,SF,52,998,15.5,0.5329999999999999,0.057999999999999996,0.43700000000000006,11.0,15.8,13.4,12.9,2.1,2.1,12.2,17.2,1.4,1.8,3.2,0.153,-1.1,1.5,0.5,0.6,6
220,Richaun Holmes,C,39,1125,20.5,0.685,0.0,0.312,11.5,21.3,16.3,5.4,1.7,4.7,11.8,16.0,3.2,1.5,4.6,0.198,0.6,0.9,1.5,1.0,5
221,Rodney Hood,SF,21,619,12.2,0.625,0.413,0.157,1.7,10.2,6.0,7.1,1.3,0.5,9.4,13.9,0.9,0.2,1.1,0.087,-0.4,-0.5,-0.9,0.2,8
222,Al Horford,C,60,1848,15.6,0.526,0.40399999999999997,0.11199999999999999,5.5,19.1,12.3,19.2,1.4,2.5,8.7,17.6,2.5,2.5,5.0,0.13,1.1,1.1,2.2,2.0,6
224,Danuel House,SF,58,1739,11.4,0.5710000000000001,0.645,0.17600000000000002,3.4,11.5,7.4,6.1,1.7,1.6,8.6,13.5,1.9,1.6,3.5,0.096,-0.6,0.1,-0.5,0.7,2
225,Dwight Howard,C,62,1193,18.7,0.696,0.019,0.7,14.6,26.8,20.9,4.8,1.1,5.6,17.8,14.5,2.6,2.4,5.0,0.20199999999999999,-0.8,1.4,0.5,0.8,3
227,Kevin Huerter,SG,56,1760,11.5,0.536,0.5479999999999999,0.105,2.1,12.0,7.0,17.5,1.4,1.3,12.0,17.1,1.0,0.6,1.6,0.042,-0.6,-0.9,-1.6,0.2,1
228,De'Andre Hunter,SF,63,2018,8.6,0.521,0.445,0.21100000000000002,2.3,13.1,7.6,8.0,1.0,0.7,12.1,17.5,-0.4,0.5,0.1,0.001,-2.8,-1.8,-4.7,-1.4,2
229,Chandler Hutchison,SF,28,527,12.4,0.521,0.217,0.446,3.6,19.8,11.3,7.4,2.5,1.3,11.4,19.1,0.0,0.7,0.7,0.06,-2.7,0.1,-2.6,-0.1,2
230,Serge Ibaka,C,50,1377,18.0,0.593,0.266,0.191,8.2,23.3,15.9,8.8,0.8,2.9,12.9,24.1,1.5,2.4,3.9,0.136,0.5,-0.1,0.4,0.9,0
232,Ersan İlyasova,PF,56,895,15.2,0.591,0.428,0.259,7.1,22.5,15.2,7.0,1.2,1.4,9.3,16.4,1.5,1.9,3.4,0.18,-0.2,0.8,0.6,0.6,0
233,Joe Ingles,SF,64,1916,12.5,0.588,0.628,0.17,1.4,12.7,7.3,24.0,1.5,0.4,18.9,15.0,2.4,2.0,4.3,0.10800000000000001,0.0,0.7,0.7,1.3,1
234,Brandon Ingram,PF,56,1919,19.2,0.59,0.35200000000000004,0.32799999999999996,2.7,16.6,9.6,19.8,1.3,1.6,13.1,28.2,3.2,1.7,4.9,0.122,2.7,-0.3,2.4,2.1,1
235,Kyrie Irving,PG,20,658,26.3,0.595,0.341,0.245,3.5,12.4,8.1,37.4,1.9,1.3,10.1,32.6,2.1,0.8,3.0,0.21600000000000003,6.6,1.0,7.6,1.6,4
236,Jonathan Isaac,SF,32,949,16.9,0.542,0.28300000000000003,0.22699999999999998,6.2,19.3,12.6,7.0,2.6,7.4,11.7,18.3,0.4,1.9,2.3,0.114,-0.8,2.9,2.0,1.0,0
237,Wesley Iwundu,SF,45,810,9.9,0.521,0.345,0.392,2.9,12.4,7.5,7.9,1.5,1.2,7.3,13.1,0.6,0.8,1.4,0.08,-3.1,0.2,-2.9,-0.2,2
238,Frank Jackson,PG,51,656,7.7,0.5,0.467,0.249,3.0,8.4,5.7,8.6,1.1,0.5,13.1,20.4,-0.4,0.3,-0.1,-0.005,-4.0,-2.0,-6.0,-0.7,8
239,Jaren Jackson Jr.,C,54,1512,16.1,0.59,0.485,0.237,3.8,13.7,8.8,7.5,1.1,5.0,10.8,23.9,1.5,1.7,3.1,0.1,0.2,0.0,0.2,0.8,6
241,Justin Jackson,PF,58,929,10.0,0.498,0.486,0.141,3.1,12.7,8.0,7.2,0.6,0.9,3.5,15.8,0.7,0.6,1.3,0.066,-1.7,-1.2,-2.9,-0.2,2
242,Reggie Jackson,PG,23,556,15.0,0.5329999999999999,0.44,0.16699999999999998,3.0,10.2,6.6,28.7,0.9,0.8,12.7,24.5,0.6,0.3,0.9,0.077,1.8,-1.3,0.5,0.4,7
243,Justin James,SG,34,218,11.5,0.48700000000000004,0.33299999999999996,0.26899999999999996,3.0,12.7,7.8,10.8,1.3,3.9,8.4,19.0,0.0,0.2,0.2,0.037000000000000005,-1.0,0.2,-0.7,0.1,2
244,LeBron James,PG,60,2094,26.0,0.5820000000000001,0.324,0.292,3.1,21.0,12.3,49.7,1.7,1.3,15.3,31.6,6.1,3.4,9.5,0.218,6.8,1.9,8.7,5.7,4
247,Ty Jerome,PG,28,315,8.1,0.43700000000000006,0.44299999999999995,0.132,2.1,12.6,7.2,18.8,2.1,0.8,13.8,17.6,-0.3,0.3,0.0,-0.002,-3.9,0.0,-3.8,-0.1,1
250,Cameron Johnson,PF,49,996,12.2,0.5760000000000001,0.705,0.142,4.3,11.5,7.8,7.4,1.4,1.4,7.7,16.0,1.1,0.7,1.8,0.086,0.5,-0.7,-0.2,0.5,2
251,James Johnson,PF,32,619,14.8,0.5720000000000001,0.423,0.223,4.3,16.3,10.3,18.4,1.9,4.6,16.9,19.4,0.4,0.8,1.2,0.08900000000000001,-1.1,1.1,0.0,0.3,1
253,Stanley Johnson,PF,20,96,3.1,0.342,0.419,0.19399999999999998,3.4,20.5,12.1,11.0,2.0,2.0,19.2,18.6,-0.3,0.2,-0.1,-0.068,-7.9,1.4,-6.5,-0.1,2
254,Tyler Johnson,SG,31,515,8.1,0.48100000000000004,0.485,0.187,2.1,9.3,5.6,13.5,1.1,1.4,11.5,17.3,-0.2,0.3,0.1,0.011000000000000001,-3.0,-0.7,-3.7,-0.2,1
255,Nikola Jokić,C,65,2101,25.0,0.604,0.233,0.27699999999999997,8.2,26.9,17.6,34.3,1.8,1.9,15.7,26.6,6.0,3.2,9.2,0.209,5.4,2.3,7.6,5.1,5
256,Damian Jones,C,55,887,15.5,0.7120000000000001,0.051,0.47200000000000003,8.9,16.2,12.5,5.6,1.4,3.8,11.5,11.4,2.2,0.6,2.8,0.152,-1.6,0.1,-1.4,0.1,5
257,Derrick Jones Jr.,SF,51,1249,14.8,0.609,0.39,0.35,5.4,13.5,9.6,6.7,2.1,2.9,6.8,14.1,2.3,1.6,3.9,0.15,-0.4,1.1,0.8,0.9,6
258,Tyus Jones,PG,65,1232,15.7,0.532,0.289,0.135,0.8,7.9,4.4,31.7,2.2,0.4,10.8,17.2,2.0,1.0,3.0,0.115,0.4,0.1,0.6,0.8,4
259,DeAndre Jordan,C,56,1234,20.0,0.682,0.0,0.425,12.1,34.2,23.4,12.8,0.7,3.5,17.8,14.1,3.0,2.3,5.3,0.204,1.1,1.8,2.8,1.5,3
260,Cory Joseph,PG,64,1538,10.3,0.513,0.363,0.157,2.6,9.5,6.0,19.4,1.5,1.3,14.0,13.0,1.1,1.0,2.2,0.067,-2.1,0.3,-1.8,0.1,1
262,Frank Kaminsky,C,32,718,14.5,0.5539999999999999,0.401,0.315,4.6,20.2,12.2,14.8,0.9,1.2,9.4,20.8,0.8,0.6,1.4,0.092,0.2,-0.3,-0.1,0.3,6
263,Enes Kanter,C,51,891,22.0,0.594,0.023,0.28600000000000003,17.1,30.2,23.7,8.4,1.1,3.9,12.9,19.3,2.1,1.7,3.8,0.207,1.6,-0.1,1.5,0.8,3
264,Luke Kennard,SG,28,922,14.4,0.589,0.535,0.21899999999999997,1.1,11.1,6.0,19.2,0.6,0.5,10.3,19.8,1.6,0.3,1.9,0.1,1.1,-1.4,-0.3,0.4,1
266,Michael Kidd-Gilchrist,PF-SF,21,231,4.2,0.401,0.33299999999999996,0.183,5.5,20.3,12.8,8.1,0.4,1.9,16.7,14.8,-0.3,0.2,-0.2,-0.037000000000000005,-6.6,-0.9,-7.5,-0.3,6
268,Maxi Kleber,C,66,1695,13.8,0.603,0.614,0.172,6.2,15.5,11.0,6.2,0.6,3.9,8.7,13.9,2.9,1.7,4.6,0.131,0.5,0.2,0.6,1.1,0
269,Brandon Knight,PG,25,462,8.5,0.503,0.784,0.204,1.0,9.1,5.0,21.6,1.1,0.6,17.3,20.6,-0.2,0.1,-0.1,-0.01,-1.8,-2.7,-4.4,-0.3,7
270,Kevin Knox,SF,65,1166,8.4,0.47,0.496,0.252,2.5,14.7,8.4,7.4,1.0,2.3,9.2,17.8,-0.5,0.7,0.2,0.006,-3.1,-1.1,-4.2,-0.6,2
272,Furkan Korkmaz,SG,64,1398,11.7,0.5710000000000001,0.617,0.14,1.3,10.4,5.8,7.3,1.3,0.9,8.7,18.5,1.0,1.3,2.3,0.079,-0.6,-0.9,-1.5,0.2,8
273,Luke Kornet,C,36,559,12.7,0.539,0.578,0.15,4.1,12.9,8.3,8.5,0.9,4.4,6.6,16.3,0.5,0.5,1.1,0.091,-0.9,-0.2,-1.1,0.1,6
274,Kyle Korver,SF,50,833,11.2,0.613,0.799,0.131,1.8,10.1,6.2,9.5,1.2,1.3,13.3,15.7,0.8,1.4,2.2,0.125,-0.5,0.7,0.2,0.5,8
275,Rodions Kurucs,PF,39,501,8.4,0.5539999999999999,0.485,0.209,3.8,15.8,10.0,9.4,1.6,0.5,19.3,15.1,-0.1,0.6,0.5,0.048,-3.9,0.9,-2.9,-0.1,2
276,Kyle Kuzma,PF,54,1327,11.6,0.522,0.401,0.221,4.0,15.5,9.9,7.4,0.8,1.4,11.6,23.2,-0.2,1.6,1.4,0.052000000000000005,-2.2,-1.3,-3.5,-0.5,2
277,Skal Labissière,C,33,567,15.4,0.588,0.08800000000000001,0.22399999999999998,12.1,18.7,15.4,10.2,0.6,4.6,15.7,14.3,1.0,0.4,1.4,0.122,-1.5,0.3,-1.3,0.1,5
278,Jeremy Lamb,SG,46,1291,14.1,0.547,0.33,0.23,2.1,14.9,8.5,10.5,2.1,1.5,8.7,19.7,0.9,1.8,2.7,0.099,-1.1,0.7,-0.4,0.5,8
279,Romeo Langford,SG,27,298,6.0,0.465,0.359,0.359,5.1,6.4,5.8,2.6,1.3,1.9,10.8,11.9,-0.1,0.3,0.2,0.039,-4.5,-0.1,-4.6,-0.2,2
280,Zach LaVine,SG,60,2085,19.5,0.568,0.40399999999999997,0.27899999999999997,2.1,13.8,7.7,21.7,2.0,1.3,13.3,31.7,1.8,2.2,4.0,0.092,3.3,-0.8,2.5,2.4,1
282,Jake Layman,PF,23,505,10.3,0.544,0.402,0.179,3.4,8.7,6.0,4.4,1.6,1.6,11.1,17.7,0.0,0.3,0.3,0.028999999999999998,-2.7,-1.0,-3.7,-0.2,8
283,T.J. Leaf,PF,25,193,13.8,0.485,0.203,0.174,12.1,24.4,18.3,4.3,2.0,1.4,8.6,18.5,0.0,0.3,0.4,0.08800000000000001,-1.4,-0.1,-1.5,0.0,0
285,Courtney Lee,SG,24,345,10.9,0.629,0.573,0.085,2.2,7.4,4.9,4.7,2.5,1.5,11.4,11.9,0.3,0.4,0.7,0.098,-2.1,1.6,-0.5,0.1,8
286,Damion Lee,SG,49,1423,12.7,0.5479999999999999,0.46799999999999997,0.247,2.4,16.3,9.1,14.4,1.7,0.4,10.6,19.0,0.9,0.8,1.7,0.057999999999999996,-1.5,-0.8,-2.3,-0.1,8
287,Alex Len,C,49,895,18.0,0.596,0.185,0.301,11.4,24.5,17.9,8.1,1.2,4.5,12.8,18.3,1.4,0.9,2.3,0.122,-0.2,-0.2,-0.5,0.3,5
288,Kawhi Leonard,SF,51,1643,26.7,0.585,0.287,0.344,3.3,19.7,11.7,27.0,2.6,1.7,10.7,33.2,4.6,3.0,7.6,0.222,6.5,2.5,9.0,4.6,1
289,Meyers Leonard,C,49,987,11.1,0.64,0.534,0.11699999999999999,3.2,24.1,14.1,7.7,0.6,1.5,13.0,12.0,1.0,1.1,2.1,0.10400000000000001,-1.0,0.4,-0.6,0.3,0
290,Caris LeVert,SG,39,1131,15.1,0.509,0.31,0.264,3.7,10.6,7.2,23.5,1.8,0.5,12.6,28.8,-0.1,1.2,1.2,0.05,0.1,-0.7,-0.6,0.4,7
291,Damian Lillard,PG,58,2140,26.2,0.619,0.493,0.377,1.5,10.5,6.1,34.1,1.3,0.8,11.0,30.2,8.9,0.7,9.6,0.215,7.9,-0.7,7.2,5.0,7
292,Nassir Little,PF,48,573,9.7,0.505,0.391,0.29100000000000004,5.7,13.7,9.8,5.1,1.1,2.1,8.1,13.7,0.3,0.3,0.6,0.05,-2.9,-0.6,-3.5,-0.2,6
293,Kevon Looney,C,20,262,9.4,0.40299999999999997,0.177,0.152,11.2,16.3,13.6,11.1,2.2,2.1,12.5,15.7,-0.2,0.2,0.0,0.005,-4.8,-0.8,-5.5,-0.2,6
294,Brook Lopez,C,61,1622,14.0,0.537,0.49700000000000005,0.212,2.7,13.2,8.3,7.8,1.2,8.0,9.2,17.5,0.8,3.9,4.6,0.13699999999999998,-1.1,2.8,1.8,1.5,6
295,Robin Lopez,C,60,862,11.1,0.565,0.35200000000000004,0.158,6.3,10.2,8.4,6.4,0.5,4.1,15.6,16.6,0.2,1.5,1.7,0.095,-2.4,0.5,-1.9,0.0,6
296,Kevin Love,PF,56,1780,17.9,0.599,0.536,0.301,3.3,31.1,17.1,15.4,0.9,0.9,14.5,23.1,2.5,1.2,3.8,0.102,2.6,-0.6,2.1,1.8,0
297,Kyle Lowry,PG,52,1901,17.9,0.589,0.583,0.39899999999999997,1.7,12.0,7.0,31.0,1.8,1.1,15.0,23.1,4.1,2.8,6.9,0.17300000000000001,2.5,0.7,3.2,2.5,7
298,Timothé Luwawu-Cabarrot,SG,39,671,8.9,0.563,0.568,0.32299999999999995,3.8,10.0,7.0,5.3,1.1,0.7,12.7,15.7,0.4,0.6,1.0,0.069,-3.0,-0.2,-3.2,-0.2,2
299,Trey Lyles,PF,63,1271,12.7,0.557,0.49,0.131,6.0,24.6,15.3,7.3,1.1,1.9,9.7,13.7,1.2,1.0,2.2,0.081,-0.5,-0.7,-1.2,0.2,0
303,Ian Mahinmi,C,38,808,14.1,0.545,0.124,0.5379999999999999,10.2,19.8,14.8,8.2,1.8,4.7,14.8,15.7,0.7,0.7,1.4,0.08199999999999999,-2.7,0.0,-2.7,-0.2,5
304,Thon Maker,C,60,776,13.7,0.5820000000000001,0.332,0.57,7.8,16.7,12.2,8.0,1.6,4.2,15.7,16.1,0.7,0.8,1.5,0.096,-2.0,0.7,-1.4,0.1,0
305,Terance Mann,SG,35,271,7.1,0.47200000000000003,0.222,0.222,1.6,10.8,6.3,17.9,1.4,1.6,19.1,11.2,0.0,0.3,0.3,0.057,-4.7,1.2,-3.5,-0.1,7
306,Boban Marjanović,C,37,337,24.5,0.599,0.087,0.272,16.8,30.5,23.7,6.7,1.0,1.8,11.8,27.9,0.8,0.5,1.3,0.184,1.7,-1.7,0.0,0.2,3
307,Lauri Markkanen,PF,50,1492,14.3,0.56,0.536,0.259,4.2,19.7,11.6,7.6,1.4,1.5,11.0,21.1,1.1,1.6,2.6,0.084,0.2,-0.8,-0.5,0.5,2
309,Cody Martin,SF,48,903,10.5,0.505,0.37200000000000005,0.314,4.4,15.1,9.6,15.7,2.2,0.9,15.7,13.6,0.2,0.8,1.0,0.052000000000000005,-3.1,1.0,-2.1,0.0,1
311,Kelan Martin,SF,31,495,9.2,0.506,0.53,0.171,2.5,18.6,10.2,6.8,0.7,1.5,9.3,17.8,-0.1,0.3,0.2,0.023,-3.3,-1.0,-4.3,-0.3,6
314,Wesley Matthews,SG,62,1529,8.4,0.545,0.691,0.157,1.4,8.5,5.2,7.4,1.1,0.5,8.7,12.7,0.8,2.4,3.1,0.099,-2.5,0.8,-1.7,0.1,8
315,Patrick McCaw,SF,37,908,7.3,0.5,0.43799999999999994,0.111,2.3,7.6,5.0,11.4,2.0,0.4,14.6,9.4,0.2,1.2,1.4,0.073,-3.6,1.8,-1.8,0.0,1
316,CJ McCollum,SG,62,2229,17.4,0.5429999999999999,0.37799999999999995,0.135,1.9,9.7,5.9,19.3,1.0,1.5,8.3,26.7,3.1,0.6,3.7,0.079,2.5,-1.7,0.9,1.6,1
317,T.J. McConnell,PG,63,1188,16.2,0.541,0.040999999999999995,0.099,3.0,12.1,7.6,37.2,1.8,0.8,18.5,17.2,1.6,1.4,2.9,0.11900000000000001,0.1,0.2,0.3,0.7,4
319,Doug McDermott,PF,62,1242,14.3,0.626,0.54,0.106,2.1,11.7,6.9,8.3,0.4,0.3,7.2,19.6,2.1,0.9,3.0,0.115,1.5,-1.5,0.0,0.6,2
320,JaVale McGee,C,61,1023,20.0,0.655,0.021,0.265,12.1,25.2,18.8,4.7,1.4,7.9,12.9,15.0,2.2,2.3,4.5,0.21100000000000002,-0.3,2.3,2.1,1.1,3
321,Rodney McGruder,SG,50,749,6.5,0.47200000000000003,0.506,0.179,3.7,13.7,8.8,5.1,1.4,0.9,11.1,10.5,-0.1,1.0,0.8,0.054000000000000006,-3.8,0.8,-3.0,-0.2,2
322,Alfonzo McKinnie,SF,40,593,8.7,0.493,0.38,0.18100000000000002,6.9,14.4,10.6,3.3,1.9,1.2,12.3,15.2,-0.2,0.3,0.2,0.013999999999999999,-4.4,-0.9,-5.3,-0.5,2
323,Jordan McLaughlin,PG,30,590,16.3,0.5870000000000001,0.42700000000000005,0.21899999999999997,1.2,7.8,4.4,31.0,2.7,0.6,13.7,15.8,1.2,0.4,1.6,0.13,0.4,-0.1,0.3,0.3,4
324,Ben McLemore,SG,63,1437,11.7,0.622,0.83,0.132,1.5,8.7,5.1,5.3,1.2,0.7,8.5,15.6,2.1,0.9,3.0,0.1,0.0,-0.7,-0.7,0.5,2
325,Jordan McRae,SG,37,784,14.2,0.515,0.344,0.298,2.4,15.4,8.7,17.7,1.3,1.8,9.4,24.4,0.4,0.3,0.7,0.043,0.0,-1.6,-1.5,0.1,1
326,Nicolò Melli,C,52,889,12.3,0.583,0.647,0.21600000000000003,4.4,14.3,9.3,10.2,1.6,1.8,12.1,15.9,1.0,0.8,1.8,0.095,-0.9,0.3,-0.6,0.3,2
327,De'Anthony Melton,PG,52,1011,14.6,0.525,0.331,0.3,3.9,15.9,10.0,20.9,3.0,1.5,16.3,19.6,0.4,1.4,1.8,0.086,-1.6,1.8,0.3,0.6,1
329,Khris Middleton,SF,55,1653,21.4,0.619,0.374,0.231,2.5,17.0,10.2,21.0,1.4,0.4,10.8,26.2,4.3,3.1,7.4,0.214,3.4,0.9,4.4,2.7,1
332,Malcolm Miller,SF,25,125,4.7,0.43200000000000005,0.792,0.25,0.9,10.8,5.9,8.3,1.5,1.5,10.1,10.1,-0.1,0.2,0.1,0.037000000000000005,-4.3,1.4,-2.9,0.0,8
333,Patty Mills,PG,63,1430,14.7,0.589,0.675,0.188,1.4,6.0,3.7,11.3,1.7,0.4,7.6,20.5,2.1,0.5,2.6,0.086,1.1,-1.2,-0.1,0.7,8
334,Paul Millsap,PF,44,1075,17.7,0.598,0.282,0.326,9.0,17.9,13.5,9.5,1.7,2.4,12.1,20.3,2.0,1.4,3.4,0.151,0.6,0.0,0.6,0.7,6
335,Shake Milton,SG,32,611,15.2,0.633,0.488,0.235,2.0,10.3,6.1,17.4,1.5,0.8,13.7,19.6,1.1,0.6,1.7,0.134,0.3,-0.6,-0.3,0.3,1
336,Donovan Mitchell,SG,63,2165,19.1,0.56,0.34700000000000003,0.235,2.3,11.2,7.0,21.2,1.5,0.5,10.9,31.0,3.0,2.2,5.2,0.115,2.4,-0.5,1.9,2.1,1
339,Malik Monk,SG,55,1169,12.7,0.53,0.418,0.205,2.4,12.6,7.3,16.6,1.1,1.3,12.6,22.9,0.1,0.6,0.7,0.027999999999999997,-1.0,-1.3,-2.3,-0.1,1
341,E'Twaun Moore,SG,51,958,11.1,0.509,0.39,0.105,3.2,10.4,6.8,10.9,1.4,0.9,8.1,19.9,0.2,0.6,0.8,0.042,-2.0,-1.0,-2.9,-0.2,8
342,Ja Morant,PG,59,1771,18.0,0.568,0.174,0.331,2.7,9.5,6.2,34.6,1.4,0.7,17.2,26.0,2.2,1.2,3.4,0.09300000000000001,1.6,-1.3,0.4,1.1,4
344,Marcus Morris,SF-PF,55,1727,14.8,0.5670000000000001,0.43200000000000005,0.27899999999999997,3.3,14.2,8.6,6.9,1.2,1.4,9.5,22.8,2.0,1.2,3.2,0.08800000000000001,0.9,-0.8,0.1,0.9,2
345,Markieff Morris,PF,52,1106,12.4,0.568,0.494,0.195,3.4,17.0,10.2,10.4,1.2,1.2,14.0,21.1,0.4,0.8,1.2,0.053,-1.2,-0.9,-2.1,0.0,6
346,Monte Morris,PG,65,1402,14.9,0.537,0.298,0.128,1.6,7.3,4.4,23.3,1.9,1.1,8.1,17.2,2.2,1.2,3.4,0.11699999999999999,0.2,-0.1,0.1,0.8,7
348,Emmanuel Mudiay,PG,48,752,13.7,0.55,0.263,0.239,2.6,13.7,8.4,21.8,1.2,1.1,16.9,22.4,0.3,0.8,1.1,0.071,-1.2,0.1,-1.1,0.2,1
350,Dejounte Murray,PG,58,1447,17.1,0.535,0.168,0.175,5.0,20.0,12.5,23.7,3.3,1.0,15.7,20.6,0.9,1.7,2.6,0.087,-0.5,1.5,1.0,1.1,1
351,Jamal Murray,PG,55,1804,17.5,0.5589999999999999,0.359,0.209,2.6,10.8,6.7,22.7,1.8,0.8,11.8,25.2,2.5,1.6,4.2,0.111,1.8,-0.7,1.1,1.4,1
352,Džanan Musa,SF,35,404,8.4,0.467,0.46799999999999997,0.317,5.0,12.9,9.0,11.0,1.5,0.2,15.5,19.4,-0.4,0.4,0.0,0.006,-4.1,-0.7,-4.8,-0.3,8
353,Mike Muscala,C,41,492,12.2,0.56,0.755,0.138,3.0,17.7,10.6,9.8,0.8,1.9,7.7,16.4,0.5,0.5,1.0,0.102,-0.1,-0.1,-0.2,0.2,6
354,Sviatoslav Mykhailiuk,SF,56,1265,11.2,0.578,0.7040000000000001,0.17300000000000001,1.5,7.9,4.7,12.3,1.6,0.3,12.3,17.1,1.0,0.6,1.6,0.06,-0.7,-1.2,-1.8,0.0,8
355,Abdel Nader,SF,48,756,11.2,0.58,0.47700000000000004,0.282,2.1,10.8,6.6,6.6,1.3,2.3,12.7,16.5,0.4,0.7,1.1,0.07200000000000001,-1.1,0.2,-0.8,0.2,2
356,Larry Nance Jr.,C,56,1472,17.3,0.608,0.369,0.172,7.9,23.1,15.4,12.3,1.9,1.3,11.5,15.2,2.8,1.1,3.9,0.128,1.4,0.3,1.8,1.4,0
357,Shabazz Napier,PG,51,1234,14.5,0.555,0.5379999999999999,0.341,2.1,10.8,6.3,29.1,2.5,0.6,18.9,19.6,1.1,0.8,1.9,0.075,-0.3,-0.2,-0.5,0.5,7
358,Raul Neto,PG,49,565,11.5,0.562,0.406,0.177,2.1,8.0,5.1,19.3,1.9,0.8,18.2,17.6,0.2,0.6,0.8,0.071,-1.8,-0.1,-1.9,0.0,7
360,Georges Niang,PF,58,772,12.4,0.612,0.698,0.083,1.8,13.2,7.7,6.7,0.8,0.5,8.6,17.1,1.0,0.7,1.7,0.105,0.9,-0.4,0.5,0.5,2
361,Nerlens Noel,C,55,1014,21.7,0.7140000000000001,0.012,0.386,9.3,20.0,14.8,7.9,2.7,6.9,15.4,15.3,2.7,2.1,4.8,0.225,0.5,3.4,4.0,1.5,5
364,Frank Ntilikina,PG,57,1187,9.8,0.49700000000000005,0.41100000000000003,0.177,2.0,9.1,5.4,20.2,2.2,1.3,16.5,15.4,0.1,0.8,0.9,0.037000000000000005,-3.6,0.4,-3.2,-0.4,7
365,Kendrick Nunn,SG,62,1846,13.5,0.545,0.426,0.10800000000000001,1.2,8.7,5.1,18.7,1.4,0.6,10.2,23.7,1.0,1.4,2.4,0.064,-0.7,-1.3,-2.0,0.0,1
366,David Nwaba,SF,20,268,14.0,0.627,0.39399999999999996,0.38,3.2,13.9,8.6,4.4,1.9,3.7,8.8,14.2,0.4,0.4,0.8,0.142,-1.1,2.0,1.0,0.2,6
367,Royce O'Neale,PF,64,1862,9.3,0.584,0.657,0.153,1.4,17.8,10.0,11.5,1.2,1.3,12.7,9.3,1.8,2.2,4.0,0.10400000000000001,-1.3,2.1,0.8,1.3,2
368,Kyle O'Quinn,C,26,258,18.1,0.541,0.319,0.264,13.7,28.3,21.0,19.1,0.9,7.3,18.3,16.5,0.3,0.5,0.8,0.155,-0.7,2.2,1.5,0.2,3
369,Semi Ojeleye,PF,61,891,7.6,0.557,0.616,0.17600000000000002,2.9,11.9,7.5,4.5,1.0,0.5,6.5,8.8,0.8,0.9,1.7,0.091,-2.1,0.5,-1.6,0.1,2
370,Jahlil Okafor,C,28,424,17.8,0.631,0.013999999999999999,0.40299999999999997,11.4,18.2,14.8,12.6,0.8,3.7,17.5,19.8,0.7,0.4,1.1,0.129,-0.8,0.6,-0.2,0.2,5
371,Elie Okobo,PG,54,707,10.5,0.511,0.392,0.37,2.5,11.6,6.9,21.5,1.6,0.5,15.3,14.9,0.4,0.5,0.9,0.059000000000000004,-2.0,-0.1,-2.1,0.0,1
372,Josh Okogie,SG,62,1547,11.5,0.5529999999999999,0.387,0.48,5.7,12.8,9.1,8.9,2.0,1.4,15.3,15.1,1.0,1.2,2.2,0.067,-2.4,0.0,-2.4,-0.1,2
375,Kelly Olynyk,C,59,1089,14.7,0.64,0.584,0.259,4.0,22.0,13.4,13.2,1.7,1.6,15.1,16.9,1.7,1.5,3.2,0.14,0.1,1.0,1.1,0.8,6
377,Cedi Osman,SF,65,1910,10.7,0.552,0.527,0.154,2.2,11.3,6.7,11.6,1.4,0.7,12.3,16.6,1.1,0.5,1.6,0.04,-1.6,-0.9,-2.6,-0.3,8
378,Kelly Oubre Jr.,SF,56,1933,14.9,0.56,0.37200000000000005,0.298,3.8,17.3,10.4,6.7,1.7,1.8,8.2,22.4,1.7,1.9,3.6,0.09,-0.3,-0.4,-0.6,0.7,2
381,Jabari Parker,PF,33,852,17.0,0.561,0.29100000000000004,0.185,6.7,18.1,12.3,11.7,2.3,1.5,12.2,24.0,0.5,0.7,1.2,0.066,0.2,-0.4,-0.1,0.4,6
383,Eric Paschall,PF,60,1654,14.5,0.5710000000000001,0.20199999999999999,0.331,5.2,13.1,9.0,12.7,0.9,0.7,11.4,21.4,1.6,0.5,2.1,0.062,-0.7,-2.0,-2.7,-0.3,6
384,Anžejs Pasečņiks,C,24,405,11.6,0.555,0.019,0.509,10.2,16.9,13.4,5.7,0.9,2.6,14.5,15.6,0.3,0.2,0.5,0.055999999999999994,-3.8,-1.6,-5.4,-0.3,5
385,Patrick Patterson,PF,51,607,11.7,0.5760000000000001,0.755,0.18100000000000002,5.2,15.1,10.3,6.9,0.5,0.4,8.1,15.1,0.9,0.6,1.5,0.11800000000000001,0.9,-0.5,0.4,0.4,6
387,Chris Paul,PG,63,2003,21.7,0.609,0.34700000000000003,0.311,1.2,15.5,8.6,33.4,2.4,0.4,13.0,23.2,5.5,2.5,8.1,0.19399999999999998,3.1,1.2,4.3,3.2,7
388,Elfrid Payton,PG,45,1246,16.0,0.47,0.157,0.195,4.3,14.1,9.1,38.6,2.7,1.3,16.7,19.5,0.5,1.2,1.7,0.065,-0.3,0.3,0.0,0.6,4
389,Gary Payton II,PG,29,432,11.3,0.473,0.397,0.069,6.3,14.3,10.2,14.7,3.6,1.4,14.3,13.4,0.1,0.4,0.4,0.049,-3.1,1.5,-1.6,0.0,1
390,Norvel Pelle,C,20,178,11.2,0.521,0.0,0.34299999999999997,9.9,27.3,18.6,5.3,0.3,12.0,24.4,12.9,-0.1,0.4,0.3,0.08199999999999999,-7.1,3.1,-4.1,-0.1,3
391,Theo Pinson,SG,33,365,5.2,0.37,0.516,0.10300000000000001,2.9,12.1,7.6,22.0,2.2,0.9,16.9,22.4,-1.0,0.5,-0.6,-0.07400000000000001,-6.9,-0.2,-7.1,-0.5,7
392,Mason Plumlee,C,53,900,19.1,0.615,0.016,0.556,11.0,23.9,17.4,20.0,1.6,3.4,18.9,18.4,1.7,1.3,3.0,0.162,0.2,2.0,2.2,1.0,5
393,Jakob Poeltl,C,58,965,19.6,0.611,0.0,0.33899999999999997,11.6,23.0,17.3,14.6,1.5,7.7,15.2,13.3,2.0,1.3,3.3,0.165,0.8,2.3,3.1,1.2,3
394,Vincent Poirier,C,21,114,12.8,0.54,0.061,0.212,9.5,22.4,16.0,8.6,0.8,4.9,14.3,15.8,0.1,0.2,0.3,0.124,-4.5,0.7,-3.8,-0.1,5
396,Jordan Poole,SG,57,1274,7.2,0.45399999999999996,0.528,0.237,0.7,9.6,5.0,15.8,1.3,0.7,11.8,21.1,-1.6,0.4,-1.2,-0.047,-4.4,-2.2,-6.6,-1.5,8
397,Kevin Porter Jr.,SF,50,1162,10.8,0.535,0.375,0.24,2.1,13.5,7.7,13.9,1.9,1.0,16.7,20.5,-0.3,0.6,0.3,0.011000000000000001,-3.2,-0.6,-3.7,-0.5,1
398,Michael Porter Jr.,PF,48,670,18.5,0.589,0.358,0.151,8.8,24.3,16.5,8.0,1.5,2.6,10.3,22.0,1.0,0.9,2.0,0.141,1.4,-0.7,0.8,0.5,0
400,Bobby Portis,C,66,1393,14.6,0.53,0.317,0.158,6.0,20.4,12.9,11.1,1.1,1.2,10.4,21.4,0.9,1.0,1.9,0.064,0.1,-1.1,-1.0,0.3,6
401,Kristaps Porziņģis,PF,51,1597,19.3,0.54,0.447,0.282,5.9,25.3,15.8,8.6,1.1,5.6,8.5,26.6,1.7,2.6,4.3,0.129,1.2,0.3,1.5,1.4,0
402,Dwight Powell,C,40,1061,16.0,0.677,0.17,0.485,7.5,14.7,11.2,7.7,1.6,1.8,11.5,12.7,2.6,1.1,3.7,0.16899999999999998,0.4,1.0,1.4,0.9,6
403,Norman Powell,SG,44,1269,17.4,0.629,0.457,0.252,2.0,11.2,6.7,9.7,2.1,1.3,10.0,21.5,2.2,1.9,4.2,0.157,1.4,0.9,2.3,1.4,8
405,Julius Randle,PF,64,2080,17.5,0.5379999999999999,0.23,0.35,7.5,24.9,16.0,15.8,1.2,1.0,14.3,27.6,1.0,1.7,2.7,0.062,0.7,-1.0,-0.3,0.9,0
407,Cam Reddish,SF,58,1551,9.0,0.5,0.451,0.22699999999999998,2.4,12.7,7.5,8.0,1.9,1.5,13.6,18.9,-1.2,0.8,-0.4,-0.011000000000000001,-3.2,-1.0,-4.2,-0.9,8
408,J.J. Redick,SG,54,1425,15.1,0.639,0.618,0.292,0.7,9.7,5.2,10.8,0.6,0.5,9.4,19.9,3.2,0.6,3.7,0.125,2.0,-1.6,0.4,0.9,2
409,Naz Reid,C,30,495,15.3,0.505,0.39899999999999997,0.218,7.0,19.9,13.2,11.2,1.8,3.7,7.6,24.0,0.2,0.6,0.8,0.07400000000000001,-1.6,-0.3,-1.9,0.0,6
410,Josh Richardson,SG,48,1474,12.1,0.526,0.373,0.223,2.8,9.4,6.1,14.8,1.5,2.0,12.6,21.1,0.3,1.6,1.9,0.062,-1.5,-0.2,-1.7,0.1,1
411,Austin Rivers,SG,60,1402,10.3,0.5379999999999999,0.537,0.20800000000000002,1.9,8.8,5.3,9.5,1.4,0.6,6.9,14.9,1.3,1.0,2.2,0.077,-1.9,-0.4,-2.3,-0.1,8
412,Duncan Robinson,SF,65,1949,12.8,0.6779999999999999,0.8859999999999999,0.086,0.5,11.2,6.1,7.0,0.9,0.8,8.6,15.8,3.2,1.5,4.7,0.11599999999999999,1.2,-0.9,0.3,1.1,2
413,Glenn Robinson III,SF,60,1743,13.4,0.5760000000000001,0.33,0.14400000000000002,4.7,11.7,8.1,8.6,1.5,0.8,7.9,16.4,2.0,0.8,2.8,0.077,-0.5,-1.1,-1.6,0.2,2
414,Jerome Robinson,SG,55,748,6.0,0.439,0.48100000000000004,0.134,1.3,13.8,7.5,11.4,1.4,1.6,12.9,14.6,-0.7,0.7,0.0,0.003,-4.6,0.1,-4.5,-0.5,8
416,Mitchell Robinson,C,61,1412,23.5,0.726,0.0,0.434,13.7,18.8,16.2,3.9,1.8,8.0,8.3,13.3,4.8,2.0,6.8,0.23,1.6,1.3,3.0,1.8,3
418,Rajon Rondo,PG,48,984,12.4,0.494,0.381,0.125,2.6,12.9,7.9,32.4,1.9,0.2,20.8,18.7,0.2,1.3,1.5,0.073,-1.1,0.0,-1.2,0.2,4
419,Derrick Rose,PG,50,1298,21.1,0.555,0.195,0.185,2.3,8.3,5.3,40.5,1.5,1.0,13.4,31.6,1.9,0.6,2.5,0.09300000000000001,4.0,-1.7,2.2,1.4,4
420,Terrence Ross,SG,63,1723,14.2,0.5479999999999999,0.584,0.207,0.8,12.3,6.3,6.8,2.0,1.2,6.8,22.8,1.0,1.8,2.9,0.08,0.0,-0.3,-0.4,0.7,8
421,Terry Rozier,PG,63,2164,14.9,0.5529999999999999,0.45,0.20199999999999999,2.4,11.8,7.0,20.4,1.4,0.4,12.1,23.7,1.9,1.1,3.0,0.067,0.8,-1.3,-0.4,0.8,1
422,Ricky Rubio,PG,57,1802,16.3,0.531,0.308,0.33399999999999996,2.5,14.0,8.2,39.9,2.3,0.4,18.1,20.2,2.4,1.7,4.1,0.109,0.5,0.2,0.7,1.2,4
423,D'Angelo Russell,PG,45,1452,18.7,0.556,0.509,0.235,1.2,12.3,6.6,35.2,1.6,0.8,13.6,31.5,1.1,0.7,1.8,0.06,3.8,-1.9,1.9,1.4,7
424,Domantas Sabonis,C,62,2159,20.7,0.586,0.079,0.349,9.7,29.5,19.7,21.7,1.1,1.2,14.8,23.4,4.2,3.3,7.6,0.168,2.1,1.1,3.2,2.9,5
426,JaKarr Sampson,SF,26,340,11.8,0.607,0.16,0.247,4.9,14.2,9.6,3.6,1.3,2.3,7.2,12.5,0.4,0.4,0.8,0.11699999999999999,-2.7,0.8,-1.8,0.0,6
427,Dario Šarić,PF,58,1441,13.3,0.5720000000000001,0.455,0.20199999999999999,6.7,20.2,13.3,10.9,1.1,0.9,12.3,17.2,1.5,1.2,2.7,0.091,-0.5,-0.4,-0.9,0.4,6
428,Tomáš Satoranský,PG,65,1878,13.5,0.5329999999999999,0.361,0.22,4.3,11.0,7.5,27.1,2.1,0.4,17.7,16.7,1.8,1.7,3.5,0.09,-1.0,-0.2,-1.2,0.4,7
429,Admiral Schofield,SF,27,293,6.8,0.514,0.627,0.17300000000000001,2.2,10.9,6.4,6.2,1.3,0.9,8.0,12.5,0.1,0.0,0.1,0.02,-4.2,-1.1,-5.3,-0.2,2
430,Dennis Schröder,PG,63,1952,16.8,0.573,0.33899999999999997,0.243,1.1,11.8,6.6,21.6,1.1,0.6,13.2,27.2,1.9,1.6,3.5,0.086,1.1,-1.2,-0.1,1.0,1
431,Mike Scott,PF,63,1119,10.2,0.539,0.639,0.094,5.7,16.5,11.1,5.9,0.8,0.4,6.7,13.8,1.0,1.1,2.1,0.08900000000000001,-1.2,-1.1,-2.3,-0.1,6
432,Thabo Sefolosha,PF,41,436,9.5,0.48700000000000004,0.593,0.08800000000000001,5.0,17.4,11.2,7.5,2.6,2.4,13.7,10.4,0.1,0.6,0.7,0.073,-2.7,1.6,-1.1,0.1,6
433,Collin Sexton,SG,65,2143,16.3,0.56,0.235,0.24600000000000002,3.1,7.5,5.3,15.1,1.5,0.3,11.6,27.2,2.2,0.3,2.5,0.057,0.3,-2.1,-1.8,0.1,1
434,Landry Shamet,SG,47,1294,9.2,0.599,0.764,0.179,0.5,6.5,3.6,9.0,0.7,0.6,8.7,13.3,1.7,1.0,2.7,0.1,-1.4,-0.2,-1.6,0.1,8
437,Pascal Siakam,PF,53,1882,18.7,0.5589999999999999,0.32,0.275,3.3,18.8,11.2,17.0,1.3,2.5,10.5,28.5,2.0,3.2,5.2,0.133,1.7,0.5,2.2,2.0,6
438,Chris Silva,PF,41,307,17.2,0.6629999999999999,0.028999999999999998,0.71,20.6,19.3,19.9,10.2,1.4,5.8,25.5,17.5,0.7,0.5,1.1,0.17800000000000002,-3.4,0.9,-2.5,0.0,3
439,Ben Simmons,PG,54,1930,20.8,0.608,0.01,0.46,6.2,18.0,12.1,34.8,2.9,1.4,20.6,20.9,3.8,3.2,7.0,0.174,1.4,2.4,3.9,2.9,4
440,Anfernee Simons,SG,65,1400,9.3,0.506,0.41700000000000004,0.175,1.9,8.9,5.4,9.4,0.9,0.6,9.7,19.0,0.1,0.2,0.3,0.01,-2.5,-1.8,-4.4,-0.8,8
442,Marcus Smart,SG,53,1721,14.0,0.519,0.5820000000000001,0.201,2.5,10.1,6.4,21.0,2.4,1.5,11.5,19.3,1.7,2.4,4.1,0.115,0.2,1.3,1.6,1.5,1
443,Dennis Smith Jr.,PG,34,537,7.5,0.39899999999999997,0.256,0.251,4.1,11.7,7.7,26.4,2.5,1.4,19.8,23.1,-1.3,0.5,-0.9,-0.079,-5.2,-0.9,-6.1,-0.6,7
444,Ish Smith,PG,60,1570,13.8,0.512,0.258,0.12,1.9,11.7,6.6,25.9,1.5,1.3,11.2,18.3,1.3,0.4,1.7,0.053,-0.3,-1.1,-1.4,0.2,7
446,Tony Snell,SF,59,1641,9.7,0.598,0.665,0.084,0.6,7.1,3.8,10.9,1.0,0.8,7.3,11.4,2.1,0.5,2.6,0.076,-1.1,-0.6,-1.8,0.1,8
447,Omari Spellman,PF,49,886,14.4,0.551,0.373,0.312,9.1,18.0,13.4,8.1,1.8,2.4,13.9,18.8,0.5,0.7,1.2,0.065,-0.7,-1.0,-1.7,0.1,6
449,Edmond Sumner,PG,25,345,10.0,0.485,0.342,0.135,3.2,8.6,5.9,15.4,2.1,2.0,13.9,17.4,-0.1,0.4,0.3,0.039,-3.6,0.4,-3.1,-0.1,1
450,Caleb Swanigan,PF,27,288,7.6,0.597,0.043,0.36200000000000004,9.9,26.1,18.1,14.0,0.5,2.1,40.4,13.5,-0.2,0.2,0.0,0.006999999999999999,-6.3,0.2,-6.0,-0.3,5
451,Jayson Tatum,PF,59,2043,20.3,0.562,0.377,0.251,3.0,18.8,11.0,14.0,2.0,2.4,9.7,28.6,2.9,3.4,6.2,0.147,3.3,0.6,3.9,3.0,2
452,Jeff Teague,PG,59,1464,14.6,0.557,0.239,0.40299999999999997,1.9,8.6,5.2,30.7,1.4,1.1,16.8,19.5,1.9,0.6,2.5,0.08199999999999999,-0.2,-1.3,-1.5,0.2,4
453,Garrett Temple,SG,55,1547,10.3,0.507,0.66,0.139,1.9,10.5,6.3,13.1,1.3,1.4,9.3,16.6,0.5,1.6,2.1,0.065,-1.5,0.4,-1.1,0.4,8
454,Daniel Theis,C,58,1382,18.2,0.629,0.212,0.27699999999999997,10.2,19.2,14.7,9.9,1.2,5.0,10.1,14.7,3.6,2.3,5.9,0.205,0.4,1.8,2.3,1.5,5
455,Isaiah Thomas,PG,40,925,11.6,0.531,0.444,0.17800000000000002,1.3,7.0,4.0,23.2,0.7,0.6,14.4,24.1,0.2,-0.1,0.0,0.001,-0.5,-3.9,-4.4,-0.6,7
457,Matt Thomas,SG,33,321,13.6,0.65,0.6759999999999999,0.09,2.4,13.2,7.9,7.9,1.2,0.0,9.4,17.0,0.5,0.4,0.9,0.13699999999999998,1.0,0.4,1.4,0.3,2
458,Tristan Thompson,C,57,1721,16.8,0.54,0.040999999999999995,0.28600000000000003,14.5,22.9,18.6,10.5,0.9,2.5,14.0,18.3,2.0,1.1,3.1,0.085,-0.2,-1.3,-1.5,0.2,5
459,Matisse Thybulle,SG,57,1110,9.8,0.53,0.607,0.175,3.5,5.1,4.3,8.3,3.5,3.1,15.1,11.6,0.1,1.8,1.9,0.084,-3.0,3.1,0.1,0.6,8
460,Anthony Tolliver,PF,47,732,6.6,0.49700000000000005,0.7809999999999999,0.161,4.3,14.5,9.5,5.7,1.0,1.3,15.3,11.4,-0.1,0.4,0.3,0.018000000000000002,-3.1,-0.7,-3.8,-0.3,2
462,Karl-Anthony Towns,C,35,1187,26.5,0.642,0.445,0.363,8.1,26.1,16.8,22.8,1.3,2.9,13.2,28.8,3.8,1.3,5.1,0.205,7.0,0.8,7.8,2.9,5
463,Gary Trent Jr.,SG,53,1059,11.8,0.555,0.574,0.10300000000000001,2.0,6.6,4.3,6.5,1.8,1.0,4.9,15.4,1.2,0.4,1.6,0.071,-0.5,-0.6,-1.1,0.3,8
464,Allonzo Trier,PG,24,291,14.5,0.62,0.5,0.406,2.1,8.7,5.3,14.8,0.5,1.3,15.0,21.4,0.5,0.1,0.5,0.087,1.0,-1.5,-0.5,0.1,1
465,P.J. Tucker,PF,64,2203,8.7,0.58,0.687,0.11800000000000001,4.8,16.2,10.5,5.9,1.5,1.2,14.6,8.6,1.8,2.2,3.9,0.086,-2.2,0.6,-1.6,0.2,6
468,Myles Turner,C,55,1628,14.7,0.561,0.44299999999999995,0.27899999999999997,4.8,19.5,12.2,5.1,1.3,6.5,10.5,17.5,1.0,2.8,3.7,0.111,-0.9,1.1,0.2,0.9,0
470,Jonas Valančiūnas,C,62,1630,22.3,0.631,0.12,0.256,12.5,31.9,22.4,10.2,0.7,3.7,12.8,21.4,3.8,2.4,6.2,0.182,2.2,0.0,2.3,1.8,3
471,Denzel Valentine,SF,36,488,13.0,0.511,0.578,0.034,1.9,15.5,8.4,14.2,2.6,1.2,9.8,23.3,-0.1,0.6,0.5,0.048,-0.7,0.2,-0.5,0.2,8
473,Fred VanVleet,PG,48,1719,16.0,0.546,0.48200000000000004,0.237,1.1,9.7,5.5,27.4,2.5,0.7,12.4,22.0,2.2,2.7,4.9,0.136,1.0,1.3,2.3,1.8,7
475,Noah Vonleh,C-PF,33,364,15.6,0.621,0.16899999999999998,0.337,10.4,25.9,17.9,10.7,1.4,1.4,17.0,14.0,0.6,0.4,1.0,0.126,-1.2,0.3,-0.8,0.1,5
476,Nikola Vučević,C,54,1763,21.6,0.54,0.27399999999999997,0.16,7.6,29.4,18.1,20.0,1.3,2.4,7.3,25.8,2.9,2.6,5.5,0.15,3.4,0.6,4.0,2.7,5
478,Moritz Wagner,C,37,707,16.6,0.6659999999999999,0.294,0.36,7.6,22.8,14.9,10.1,1.5,2.1,17.2,18.8,1.3,0.5,1.8,0.122,-1.2,-0.3,-1.6,0.1,5
480,Kemba Walker,PG,50,1592,20.2,0.569,0.526,0.27,2.2,11.4,6.9,24.6,1.4,1.5,10.3,27.8,3.5,1.9,5.4,0.163,5.0,-0.2,4.7,2.7,1
481,Lonnie Walker,SG,53,767,11.0,0.515,0.266,0.19899999999999998,2.8,13.4,8.1,8.4,1.8,1.5,9.6,18.2,0.0,0.5,0.5,0.027999999999999997,-2.5,-0.7,-3.2,-0.2,2
483,Taurean Prince,SF,64,1857,9.2,0.49700000000000005,0.583,0.12,2.8,17.9,10.6,9.3,1.5,1.1,14.0,20.4,-1.7,2.4,0.7,0.019,-2.9,-0.1,-3.0,-0.5,2
484,Derrick Walton,PG,26,248,8.7,0.617,0.615,0.231,0.9,5.7,3.4,13.9,1.4,0.0,10.4,8.1,0.4,0.2,0.6,0.11199999999999999,-2.3,1.3,-1.1,0.1,1
485,Brad Wanamaker,PG,63,1215,11.8,0.56,0.28300000000000003,0.365,1.7,9.2,5.5,17.6,2.1,0.9,15.9,15.4,1.2,1.5,2.7,0.10800000000000001,-2.5,1.2,-1.3,0.2,1
486,T.J. Warren,SF,61,1984,17.2,0.599,0.212,0.214,3.4,10.0,6.7,6.8,1.7,1.2,7.5,22.8,3.1,2.2,5.3,0.129,0.4,-0.2,0.2,1.1,2
487,P.J. Washington,PF,58,1759,12.4,0.547,0.39,0.231,3.5,16.6,9.8,11.3,1.5,2.3,12.5,18.6,0.5,1.4,2.0,0.054000000000000006,-1.7,0.1,-1.6,0.2,6
492,Russell Westbrook,PG,53,1905,21.5,0.539,0.168,0.289,5.1,18.4,11.7,35.0,2.1,0.8,14.9,34.4,2.1,2.3,4.3,0.109,1.9,-0.1,1.8,1.8,7
493,Coby White,SG,65,1674,11.9,0.506,0.475,0.163,1.8,14.0,7.6,16.5,1.4,0.3,11.4,24.4,-0.4,1.4,0.9,0.026000000000000002,-1.2,-1.6,-2.8,-0.3,8
494,Derrick White,SG,61,1468,15.9,0.585,0.345,0.377,2.2,12.0,7.1,19.5,1.3,3.3,12.2,18.2,2.5,0.9,3.4,0.11,0.7,0.2,0.9,1.1,1
495,Hassan Whiteside,C,61,1911,25.0,0.6409999999999999,0.01,0.33299999999999996,13.4,33.4,23.6,6.0,0.6,8.3,13.1,19.8,5.1,3.0,8.1,0.204,2.5,0.7,3.2,2.5,3
496,Andrew Wiggins,SF-SG,54,1858,16.4,0.536,0.342,0.27399999999999997,3.6,12.3,7.8,18.1,1.1,2.4,10.7,27.4,0.9,1.1,1.9,0.05,1.1,-1.5,-0.3,0.8,1
497,Grant Williams,PF,62,970,8.0,0.508,0.44299999999999995,0.266,6.5,11.7,9.1,8.3,1.4,3.1,17.7,11.5,0.2,1.3,1.5,0.075,-4.0,1.4,-2.6,-0.1,6
499,Kenrich Williams,PF,35,779,7.6,0.43,0.6709999999999999,0.168,6.6,17.5,12.0,8.3,1.5,2.2,12.0,9.2,0.1,0.8,0.8,0.052000000000000005,-3.3,1.0,-2.3,-0.1,6
500,Lou Williams,SG,60,1757,17.2,0.546,0.33399999999999996,0.365,1.7,9.1,5.5,29.9,1.1,0.5,14.4,28.3,2.2,1.7,3.9,0.107,2.1,-1.4,0.8,1.2,7
501,Marvin Williams,PF,52,1011,11.4,0.585,0.578,0.217,2.1,13.7,7.8,8.0,1.7,2.4,9.3,13.0,1.0,1.0,2.1,0.099,-1.7,1.0,-0.7,0.3,2
502,Robert Williams,C,23,323,19.6,0.6709999999999999,0.0,0.40299999999999997,11.4,24.3,17.9,9.5,3.0,8.0,21.5,12.3,0.6,0.8,1.4,0.205,-0.6,4.4,3.8,0.5,3
505,D.J. Wilson,PF,31,280,8.4,0.47600000000000003,0.545,0.08900000000000001,3.8,19.3,12.0,10.3,0.3,1.6,12.5,17.7,-0.2,0.5,0.3,0.055,-3.9,0.3,-3.6,-0.1,6
507,Christian Wood,PF,62,1325,23.2,0.659,0.276,0.47600000000000003,8.8,24.8,16.7,7.6,1.3,3.4,12.0,23.0,3.6,1.5,5.1,0.184,3.5,-0.3,3.1,1.7,0
508,Delon Wright,SG,65,1412,16.1,0.563,0.307,0.23600000000000002,5.0,14.0,9.6,21.2,2.6,1.3,13.9,14.8,2.6,1.8,4.3,0.14800000000000002,0.4,2.0,2.4,1.6,1
510,Thaddeus Young,PF,64,1591,13.3,0.521,0.369,0.12,6.2,16.1,10.9,11.3,2.8,1.4,13.9,19.7,-0.2,2.1,1.9,0.057999999999999996,-1.4,0.2,-1.1,0.4,2
511,Trae Young,PG,60,2120,23.9,0.595,0.455,0.44799999999999995,1.6,11.5,6.5,45.6,1.4,0.3,16.2,34.9,5.4,0.5,5.9,0.134,6.3,-2.3,4.0,3.2,4
512,Cody Zeller,C,58,1341,18.8,0.5760000000000001,0.157,0.374,12.6,21.2,16.7,11.3,1.5,1.7,11.9,20.8,2.4,1.2,3.6,0.129,0.2,-0.8,-0.6,0.5,5
513,Ante Žižić,C,22,221,16.4,0.597,0.0,0.264,9.0,24.4,16.6,4.2,1.5,1.9,11.1,17.5,0.3,0.2,0.5,0.106,-1.7,-1.5,-3.2,-0.1,5
514,Ivica Zubac,C,64,1156,21.0,0.642,0.006,0.42,15.2,25.7,20.6,8.7,0.5,4.6,11.8,16.2,3.6,2.0,5.6,0.231,1.5,1.0,2.5,1.0,3
